"bill_id","congress","title","cap_majtopic","health","split"
"111-H-1277",111,"To repeal the emergency fund for the TANF program.",13,0,"validation"
"111-H-1586",111,"To impose an additional tax on bonuses received from certain TARP recipients.",15,0,"validation"
"111-H-163",111,"To amend the Internal Revenue Code of 1986 with respect to the purchase of prescription drugs by individuals who have attained retirement age, and to amend the Federal Food, Drug, and Cosmetic Act with respect to the importation of prescription drugs and the sale of such drugs through Internet sites.",3,1,"validation"
"111-H-1632",111,"To amend the Internal Revenue Code of 1986 to provide an exclusion from gross income of long-term capital gains on property purchased before the end of 2009.",1,0,"validation"
"111-H-1684",111,"To preserve the rights granted under second amendment to the Constitution in national parks and national wildlife refuge areas.",21,0,"validation"
"111-H-1787",111,"To amend the Clean Air Act regarding transportation fuels and establishment of a low carbon fuel standard.",7,0,"validation"
"111-H-1811",111,"To authorize the President to review and approve oil and gas exploration, development, and production projects under existing Federal oil and gas leases, both onshore and offshore, and to limit administrative and judicial proceedings with respect to such projects, upon finding that such a project complies with all applicable Federal laws, and for other purposes.",8,0,"validation"
"111-H-1995",111,"To amend the Public Health Service Act to prevent and treat diabetes, to promote and improve the care of individuals with diabetes, and to reduce health disparities, relating to diabetes, within racial and ethnic minority groups, including the African-American, Hispanic American, Asian American, Native Hawaiian and Other Pacific Islander, and American Indian and Alaskan Native communities.",3,1,"validation"
"111-H-2244",111,"To amend the Internal Revenue Code of 1986 to allow an individual who is entitled to receive child support a refundable credit equal to the amount of unpaid child support and to increase the tax liability of the individual required to pay such support by the amount of the unpaid child support.",12,0,"validation"
"111-H-2409",111,"To amend section 211(o) of the Clean Air Act, and for other purposes.",7,0,"validation"
"111-H-2445",111,"To amend the Internal Revenue Code of 1986 to exclude from gross income discharges of personal indebtedness outside of bankruptcy.",1,0,"validation"
"111-H-2668",111,"To provide for the offering of an American Trust Health Plan to provide choice in health insurance options so as to ensure quality, affordable health coverage for all Americans.",3,1,"validation"
"111-H-2840",111,"To amend titles XIX and XXI of the Social Security Act to ensure payment under Medicaid and the State Children's Health Insurance Program for covered items and services furnished by school-based health clinics.",3,1,"validation"
"111-H-2957",111,"To amend the Public Health Service Act to reauthorize the National Health Service Corps Scholarship and Loan Repayment Programs.",3,1,"validation"
"111-H-3001",111,"To address the health disparities experienced by lesbian, gay, bisexual, and transgender Americans, to eliminate the barriers they face in accessing quality health care, and to ensure that good health and well-being is accessible to all.",3,1,"validation"
"111-H-3391",111,"To allow for the continuation of critical access hospital designation for certain hospitals in geographic areas experiencing population growth.",3,1,"validation"
"111-H-4007",111,"To authorize the Secretary of Health and Human Services to make grants to 5 States to establish medical malpractice tribunal pilot programs, and for other purposes.",3,1,"validation"
"111-H-4019",111,"To amend the Public Health Service Act to limit preexisting condition exclusions in the individual health insurance market to those permitted in the group health insurance market.",3,1,"validation"
"111-H-4163",111,"To amend the Food and Nutrition Act of 2008 to exclude from income unemployment benefits received for a continuous period exceeding 26 weeks.",5,0,"validation"
"111-H-4571",111,"To amend title 38, United States Code, to provide for an increase in the amount available for reimbursements payable by the Secretary of Veterans Affairs to State approving agencies, and for other purposes.",16,0,"validation"
"111-H-4584",111,"To authorize the Secretary of Labor to award grants for worker training, technology development, and applied research in the wind energy industry production and energy efficient construction, retrofitting, and design industries.",8,0,"validation"
"111-H-4650",111,"To phase out the use of private military contractors.",16,0,"validation"
"111-H-4878",111,"To amend the Internal Revenue Code of 1986 to reduce the rate of tax on corporations that make certain education contributions.",15,0,"validation"
"111-H-5153",111,"To amend the Minuteman Missile National Historic Site Establishment Act of 1999 to modify the boundary of the Minuteman Missile National Historic Site in South Dakota, and for other purposes.",21,0,"validation"
"111-H-5185",111,"To amend titles 10 and 38, United States Code, to increase the maximum age for children eligible for medical care under the TRICARE program and the CHAMPVA program.",3,1,"validation"
"111-H-5304",111,"To amend title I of the Omnibus Crime Control and Safe Streets Act of 1968 to provide for improvements under the Edward Byrne Memorial Justice Assistance Grant Program to reduce racial and ethnic disparities in the criminal justice system.",12,0,"validation"
"111-H-5355",111,"To amend the Oil Pollution Act of 1990 to repeal the limitation of liability of a responsible party for a discharge or substantial threat of a discharge of oil from an offshore oil facility.",7,0,"validation"
"111-H-5504",111,"To reauthorize child nutrition programs, and for other purposes.",13,0,"validation"
"111-H-5732",111,"To amend title XVIII of the Social Security Act to permit coverage of certain covered part D drugs for uses that are determined to be for medically accepted indications based upon clinical evidence in peer reviewed medical literature.",3,1,"validation"
"111-H-5930",111,"To amend title 49, United States Code, to impose limitations on airline practices concerning the expiration of tickets for air transportation, and for other purposes.",10,0,"validation"
"111-H-668",111,"To amend title XVIII of the Social Security Act to provide flexibility in the manner in which beds are counted for purposes of determining whether a hospital may be designated as a critical access hospital under the Medicare Program and to exempt from the critical access hospital inpatient bed limitation the number of beds provided for certain veterans.",3,1,"validation"
"111-S-1063",111,"A bill to amend the USEC Privatization Act to authorize the Secretary of Energy to pay affected participants under a pension plan referred to in the USEC Privatization Act for benefit increases not received.",8,0,"validation"
"111-S-1108",111,"A bill to require application of budget neutrality on a national basis in the calculation of the Medicare hospital wage index floor for each all-urban and rural State.",3,1,"validation"
"111-S-1427",111,"A bill to amend title 38, United States Code, to establish a Hospital Quality Report Card Initiative to report on health care quality in Department of Veterans Affairs Medical Centers, and for other purposes.",3,1,"validation"
"111-S-1466",111,"A bill to establish the position of Deputy United States Trade Representative for Trade Enforcement and a Trade Enforcement Division in the Office of the United States Trade Representative, to establish a Chief Manufacturing Negotiator in the Office of the United States Trade Representative, to strengthen enforcement of United States intellectual property rights at United States borders, and for other purposes.",18,0,"validation"
"111-S-1731",111,"A bill to require certain mortgagees to make loan modifications, to establish a grant program for State and local government mediation programs, to create databases on foreclosures, and for other purposes.",14,0,"validation"
"111-S-2157",111,"A bill to suspend temporarily the duty on alkylated melamine formaldehyde resin; melamine, formaldehyde polymer, methylated, butylated.",18,0,"validation"
"111-S-2741",111,"A bill to establish telehealth pilot projects, expand access to stroke telehealth services under the Medicare program, improve access to store-and-forward telehealth services in facilities of the Indian Health Service and Federally qualified health centers, reimburse facilities of the Indian Health Service as originating sites, establish regulations to consider credentialing and privileging standards for originating sites with respect to receiving telehealth services, and for other purposes.",3,1,"validation"
"111-S-2774",111,"A bill to amend title XVIII of the Social Security Act to prevent Medicare payments being lost to fraud, waste, or abuse.",3,1,"validation"
"111-S-3135",111,"A bill to enhance global healthcare cooperation and for other purposes.",3,1,"validation"
"111-S-3336",111,"A bill to amend the Internal Revenue Code of 1986 to provide for the treatment of bonds issued to finance renewable energy resources facilities, conservation and efficiency facilities, and other specified greenhouse gas emission technologies.",8,0,"validation"
"111-S-3681",111,"A bill to amend the Internal Revenue Code of 1986 to reform the system of public financing for Presidential elections, and for other purposes.",20,0,"validation"
"111-S-369",111,"A bill to prohibit brand name drug companies from compensating generic drug companies to delay the entry of a generic drug into the market.",3,1,"validation"
"111-S-3690",111,"A bill to provide for additional quality control of drugs.",3,1,"validation"
"111-S-3709",111,"A bill to amend the Public Health Services Act and the Social Security Act to extend health information technology assistance eligibility to behavioral health, mental health, and substance abuse professionals and facilities, and for other purposes.",3,1,"validation"
"111-S-3887",111,"A bill to provide for a continuation and expansion of the Wounded Warrior Careers Demonstration program, and for other purposes.",16,0,"validation"
"111-S-3998",111,"A bill to extend the Child Safety Pilot Program.",12,0,"validation"
"111-S-50",111,"A bill to amend chapter 81 of title 5, United States Code, to authorize the use of clinical social workers to conduct evaluations to determine work-related emotional and mental illnesses.",3,1,"validation"
"111-S-545",111,"A bill to develop capacity and infrastructure for mentoring programs.",6,0,"validation"
"111-S-55",111,"A bill to amend title XVIII of the Social Security Act to provide improved reimbursement for clinical social worker services under the Medicare program.",3,1,"validation"
"111-S-581",111,"A bill to amend the Richard B. Russell National School Lunch Act and the Child Nutrition Act of 1966 to require the exclusion of combat pay from income for purposes of determining eligibility for child nutrition programs and the special supplemental nutrition program for women, infants, and children.",16,0,"validation"
"111-S-594",111,"A bill to require a report on invasive agricultural pests and diseases and sanitary and phytosanitary barriers to trade before initiating negotiations to enter into a free trade agreement, and for other purposes.",4,0,"validation"
"111-S-703",111,"A bill to provide for health care for every American and to control the cost and enhance the quality of the health care system.",3,1,"validation"
"112-H-1020",112,"To amend the Energy Policy Act of 2005 to include American Samoa, Guam, the Commonwealth of the Northern Mariana Islands, Puerto Rico, and the Virgin Islands in certain efforts to reduce diesel emissions.",8,0,"validation"
"112-H-1540",112,"To authorize appropriations for fiscal year 2012 for military activities of the Department of Defense and for military construction, to prescribe military personnel strengths for fiscal year 2012, and for other purposes.",16,0,"validation"
"112-H-2194",112,"To provide grants to better understand and reduce gestational diabetes, and for other purposes.",3,1,"validation"
"112-H-2195",112,"To amend title XVIII of the Social Security Act to provide for the coverage of home infusion therapy under the Medicare Program.",3,1,"validation"
"112-H-2379",112,"To improve the literacy and English skills of limited English proficient individuals, and for other purposes.",6,0,"validation"
"112-H-2428",112,"To protect the taxpayers of the United States by limiting the Federal payment of legal fees for current and former officers and affiliated parties of Fannie Mae and Freddie Mac.",14,0,"validation"
"112-H-2526",112,"To exempt National Forest System lands in Alaska from the Roadless Area Conservation Rule.",21,0,"validation"
"112-H-2706",112,"To prohibit the sale of billfish.",4,0,"validation"
"112-H-2853",112,"To amend the Public Health Service Act to provide grants to State emergency medical service departments to provide for the expedited training and licensing of veterans with prior medical training, and for other purposes.",3,1,"validation"
"112-H-2863",112,"To amend title XVIII of the Social Security Act to permit physical therapy services to be furnished under the Medicare Program to individuals under the care of a dentist.",3,1,"validation"
"112-H-3206",112,"To amend the Federal Food, Drug, and Cosmetic Act with respect to appointments to advisory committees and conflicts of interest.",3,1,"validation"
"112-H-339",112,"To deem any adjournment of the House of Representatives which is in effect on the date of the regularly scheduled general election for Federal office held during a Congress to be adjournment sine die, and to amend title 31, United States Code, to provide for automatic continuing appropriations if a regular appropriation bill for a fiscal year does not become law before the date of the regularly scheduled general election for Federal office held during such fiscal year.",20,0,"validation"
"112-H-3446",112,"To direct the Secretary of the Interior to establish an annual production incentive fee with respect to Federal onshore and offshore lands that are subject to a lease for production of oil or natural gas under which production is not occurring, and for other purposes.",8,0,"validation"
"112-H-3511",112,"To amend the Public Health Service Act to clarify liability protections regarding emergency use of automated external defibrillators.",3,1,"validation"
"112-H-3597",112,"To authorize the Secretary of Education to make grants to 10 institutions of higher education for the expansion of master's degree in physical education programs that emphasize technology and innovative teaching practices.",6,0,"validation"
"112-H-3625",112,"To amend title III of the Public Health Service Act to authorize and support the creation of cardiomyopathy education, awareness, and risk assessment materials and resources by the Secretary of Health and Human Services through the Centers for Disease Control and Prevention and the dissemination of such materials and resources by State educational agencies to identify more at-risk families.",3,1,"validation"
"112-H-4071",112,"To amend title VII of the Tariff Act of 1930 to provide that the provisions relating to countervailing duties apply to nonmarket economy countries.",18,0,"validation"
"112-H-4124",112,"To amend the Public Health Service Act to provide grants to States to streamline State requirements and procedures for veterans with military emergency medical training to become civilian emergency medical technicians.",3,1,"validation"
"112-H-4262",112,"To amend the Federal Food, Drug, and Cosmetic Act to improve the safety of cosmetics.",3,1,"validation"
"112-H-4315",112,"To amend title 38, United States Code, to provide for unlimited eligibility for health care for mental illnesses for veterans of combat service during certain periods of hostilities and war.",3,1,"validation"
"112-H-473",112,"To provide for the conveyance of approximately 140 acres of land in the Ouachita National Forest in Oklahoma to the Indian Nations Council, Inc., of the Boy Scouts of America, and for other purposes.",21,0,"validation"
"112-H-5346",112,"To extend the temporary suspension of duty on Macroporous poly(divinylbenzene).",18,0,"validation"
"112-H-6098",112,"To amend the Federal Crop Insurance Act to immediately reduce crop insurance premium subsidy rates from the higher subsidies provided since the Agricultural Risk Protection Act of 2000.",4,0,"validation"
"112-H-6108",112,"To reduce the pay of Members of Congress who miss votes because of campaigning for election to another office.",20,0,"validation"
"112-H-6115",112,"To amend the Internal Revenue Code of 1986 to increase the contribution limit for Coverdell education savings accounts from $2,000 to $10,000.",6,0,"validation"
"112-H-6452",112,"To provide limitations on United States assistance, and for other purposes.",19,0,"validation"
"112-H-6498",112,"To amend section 1932 of the Social Security Act to require independent audits and actuarial services under Medicaid managed care programs, and for other purposes.",3,1,"validation"
"112-H-658",112,"To amend title 49, United States Code, to authorize appropriations for the Federal Aviation Administration for fiscal years 2011 through 2014, to streamline programs, create efficiencies, reduce waste, and improve aviation safety and capacity, to provide stable funding for the national aviation system, and for other purposes.",10,0,"validation"
"112-H-708",112,"To amend title 23, United States Code, to establish standards limiting the amounts of arsenic and lead contained in glass beads used in pavement markings.",10,0,"validation"
"112-S-1164",112,"A bill to empower States with authority for most taxing and spending for highway programs and mass transit programs, and for other purposes.",10,0,"validation"
"112-S-1413",112,"A bill to amend the Internal Revenue Code of 1986 to temporarily increase the investment tax credit for geothermal energy property.",8,0,"validation"
"112-S-1481",112,"A bill to authorize the Secretary of Health and Human Services to establish a program of grants to newly accredited allopathic and osteopathic medical schools for the purpose of increasing the supply of physicians.",3,1,"validation"
"112-S-1636",112,"A bill to amend title 28, United States Code, to clarify the jurisdiction of the Federal courts, and for other purposes.",12,0,"validation"
"112-S-1680",112,"A bill to amend title XVIII of the Social Security Act to protect and preserve access of Medicare beneficiaries in rural areas to health care providers under the Medicare program, and for other purposes.",3,1,"validation"
"112-S-1817",112,"A bill to amend the Communications Act of 1934 to provide for greater transparency and efficiency in the procedures followed by the Federal Communications Commission.",20,0,"validation"
"112-S-2252",112,"A bill to rebuild the American middle class by creating jobs, investing in our future, building opportunity for working families, and restoring balance to the tax code.",1,0,"validation"
"112-S-2471",112,"A bill to provide for the conveyance of a small parcel of National Forest System land in the Uinta-Wasatch-Cache National Forest in Utah to Brigham Young University, and for other purposes.",21,0,"validation"
"112-S-248",112,"A bill to allow an earlier start for State health care coverage innovation waivers under the Patient Protection and Affordable Care Act.",3,1,"validation"
"112-S-2555",112,"A bill to extend the temporary suspension of duty on certain parts and accessories of measuring or checking instruments.",18,0,"validation"
"112-S-2613",112,"A bill to extend the temporary suspension of duty on Pyrithiobac-sodium.",18,0,"validation"
"112-S-2700",112,"A bill to extend the temporary suspension of duty on pyrimethanil.",18,0,"validation"
"112-S-2782",112,"A bill to extend the temporary suspension of duty on Oryzalin.",18,0,"validation"
"112-S-2924",112,"A bill to renew the temporary suspension of duty on Pyrimethanil.",18,0,"validation"
"112-S-2969",112,"A bill to suspend temporarily the duty on Hydrolite 6.",18,0,"validation"
"112-S-3315",112,"A bill to repeal or modify certain mandates of the Government Accountability Office.",20,0,"validation"
"112-S-3474",112,"A bill to provide consumer protection for students.",15,0,"validation"
"112-S-374",112,"A bill to amend title XVIII of the Social Security Act to eliminate the 190-day lifetime limit on inpatient psychiatric hospital services under the Medicare program.",3,1,"validation"
"112-S-466",112,"A bill to provide for the restoration of legal rights for claimants under holocaust-era insurance policies.",15,0,"validation"
"112-S-540",112,"A bill to prevent harassment at institutions of higher education, and for other purposes.",6,0,"validation"
"112-S-574",112,"A bill to amend the Internal Revenue Code of 1986 to allow individuals to designate that up to 10 percent of their income tax liability be used to reduce the national debt, and to require spending reductions equal to the amounts so designated.",1,0,"validation"
"112-S-606",112,"A bill to amend the Federal Food, Drug, and Cosmetic Act to improve the priority review voucher incentive program relating to tropical and rare pediatric diseases.",3,1,"validation"
"112-S-700",112,"A bill to amend the Internal Revenue Code of 1986 to permanently extend the treatment of certain farming business machinery and equipment as 5-year property for purposes of depreciation.",1,0,"validation"
"112-S-895",112,"A bill to amend the Elementary and Secondary Education Act of 1965 to invest in innovation for education.",6,0,"validation"
"112-S-916",112,"A bill to facilitate appropriate oil and gas development on Federal land and waters, to limit dependence of the United States on foreign sources of oil and gas, and for other purposes.",8,0,"validation"
"112-S-99",112,"A bill to promote the production of molybdenum-99 in the United States for medical isotope production, and to condition and phase out the export of highly enriched uranium for the production of medical isotopes.",18,0,"validation"
"113-HR-154",113,"To amend title 38, United States Code, to establish a Department of Veterans Affairs Medal for Distinguished Public Service to honor veterans who make remarkable and distinguished contributions to their communities.",16,0,"validation"
"113-HR-1559",113,"To amend the Public Health Service Act to provide health care practitioners in rural areas with training in preventive health care, including both physical and mental care, and for other purposes.",3,1,"validation"
"113-HR-1653",113,"To require the Secretary of the Treasury to mint coins in recognition and celebration of the Pro Football Hall of Fame.",20,0,"validation"
"113-HR-1714",113,"To direct the Secretary of Veterans Affairs and the Secretary of Housing and Urban Development to establish a grant pilot program to provide housing to elderly homeless veterans.",14,0,"validation"
"113-HR-1801",113,"To amend the Employee Retirement Income Security Act of 1974, the Public Health Service Act, and the Internal Revenue Code of 1986 to require group and individual health insurance coverage and group health plans to provide for coverage of oral anticancer drugs on terms no less favorable than the coverage provided for anticancer medications administered by a health care provider.",3,1,"validation"
"113-HR-206",113,"To amend title 18, United States Code, with respect to the offense of stalking.",12,0,"validation"
"113-HR-214",113,"To lift the trade embargo on Cuba, and for other purposes.",19,0,"validation"
"113-HR-2153",113,"To amend title 38, United States Code, to require the reporting of cases of infectious diseases at facilities of the Veterans Health Administration, and for other purposes.",3,1,"validation"
"113-HR-2247",113,"To amend the Arms Export Control Act to provide that certain firearms listed as curios or relics may be imported into the United States by a licensed importer without obtaining authorization from the Department of State or the Department of Defense, and for other purposes.",12,0,"validation"
"113-HR-2390",113,"To amend title 18, United States Code, to provide for limitations on detentions of certain individuals, and for other purposes.",12,0,"validation"
"113-HR-2473",113,"To amend the National Labor Relations Act and the Railway Labor Act to prohibit the preemption of State identity theft laws.",5,0,"validation"
"113-HR-2521",113,"To amend the Public Health Service Act to expand and intensify programs of the National Institutes of Health and the Centers for Disease Control and Prevention with respect to translational research and related activities concerning cavernous angioma, and for other purposes.",3,1,"validation"
"113-HR-2757",113,"To amend title XIX of the Social Security Act to remove the exclusion from medical assistance under the Medicaid Program of items and services for patients in an institution for mental diseases.",3,1,"validation"
"113-HR-2758",113,"To prohibit States from carrying out more than one Congressional redistricting after a decennial census and apportionment, to require States to conduct such redistricting through independent commissions, and for other purposes.",20,0,"validation"
"113-HR-2975",113,"To amend the Public Health Service Act to authorize grants for training and support services for Alzheimers patients and their families.",3,1,"validation"
"113-HR-3444",113,"To amend title XVIII of the Social Security Act to provide flexibility in the manner in which beds are counted for purposes of determining whether a hospital may be designated as a critical access hospital under the Medicare program.",3,1,"validation"
"113-HR-3887",113,"To hold the salaries of Members of a House of Congress in escrow if the House of Congress does not agree to a budget resolution or pass regular appropriation bills on a timely basis during a Congress, and for other purposes.",20,0,"validation"
"113-HR-4055",113,"To establish the Frederick Douglass Bicentennial Commission.",21,0,"validation"
"113-HR-4241",113,"To withdraw approval for the drug Zohydro ER and prohibit the Food and Drug Administration from approving such drug unless it is reformulated to prevent abuse.",3,1,"validation"
"113-HR-4283",113,"To amend the Wild and Scenic Rivers Act to authorize the Secretary of the Interior to maintain or replace certain facilities and structures for commercial recreation services at Smith Gulch in Idaho, and for other purposes.",21,0,"validation"
"113-HR-4291",113,"To amend the Foreign Intelligence Surveillance Act of 1978 to prohibit the bulk collection of call detail records, and for other purposes.",2,0,"validation"
"113-HR-4305",113,"To amend title 10, United States Code, to provide an individual with a mental health assessment before the individual enlists in the Armed Forces or is commissioned as an officer in the Armed Forces.",16,0,"validation"
"113-HR-4424",113,"To direct the Secretary of Homeland Security to develop a database that shall serve as a central location for information from investigations relating to human trafficking for Federal, State, and local law enforcement agencies.",19,0,"validation"
"113-HR-4438",113,"To amend the Internal Revenue Code of 1986 to simplify and make permanent the research credit.",1,0,"validation"
"113-HR-4938",113,"To establish a temporary limitation on the use of funds to transfer or release individuals detained at United States Naval Station, Guantanamo Bay, Cuba.",19,0,"validation"
"113-HR-4975",113,"To amend the Controlled Substances Act relating to controlled substance analogues.",12,0,"validation"
"113-HR-4989",113,"To prohibit Federal funding of any treatment or research in which a ward of the State is subjected to greater than minimal risk to the individuals health with no or minimal prospect of direct benefit.",12,0,"validation"
"113-HR-5047",113,"To prohibit the Secretary of Veterans Affairs from altering available health care and wait times for appointments for health care for certain veterans, and for other purposes.",3,1,"validation"
"113-HR-5131",113,"To direct the Secretary of Veterans Affairs to reimburse non-Department of Veterans Affairs medical providers for the provision of certain hospital care and medical services to veterans, and for other purposes.",3,1,"validation"
"113-HR-5160",113,"To prevent the expansion of the Deferred Action for Childhood Arrivals program unlawfully created by Executive memorandum on August 15, 2012.",9,0,"validation"
"113-HR-5379",113,"To impose sanctions on individuals that are responsible for the commission of serious and ongoing violations of human rights or gross violations of human rights against nationals of the Peoples Republic of China or their family members, to protect universal freedoms in the Peoples Republic of China, and for other purposes.",19,0,"validation"
"113-HR-5405",113,"To make technical corrections to the Dodd-Frank Wall Street Reform and Consumer Protection Act, to enhance the ability of small and emerging growth companies to access capital through public and private markets, to reduce regulatory burdens, and for other purposes.",15,0,"validation"
"113-HR-5855",113,"To require a report on procurement supply chain vulnerabilities within the Department of Defense.",16,0,"validation"
"113-HR-694",113,"To amend the Internal Revenue Code of 1986 to prevent the avoidance by corporations of tax on foreign income.",15,0,"validation"
"113-HR-710",113,"To amend title 18, United States Code, to provide an affirmative defense for the medical use of marijuana in accordance with the laws of the various States, and for other purposes.",16,0,"validation"
"113-HR-933",113,"An Act making consolidated appropriations and further continuing appropriations for the fiscal year ending September 30, 2013.",20,0,"validation"
"113-S-1324",113,"A bill to prohibit any regulations promulgated pursuant to a presidential memorandum relating to power sector carbon pollution standards from taking effect.",7,0,"validation"
"113-S-1402",113,"A bill to repeal the Federal estate and gift taxes.",1,0,"validation"
"113-S-1487",113,"A bill to limit the availability of tax credits and reductions in cost-sharing under the Patient Protection and Affordable Care Act to individuals who receive health insurance coverage pursuant to the provisions of a Taft-Hartley plan.",3,1,"validation"
"113-S-1578",113,"A bill to authorize the Secretary of Veterans Affairs to cover the costs associated with the care of veterans at medical foster homes.",3,1,"validation"
"113-S-1697",113,"A bill to support early learning.",6,0,"validation"
"113-S-1744",113,"A bill to strengthen the accountability of individuals involved in misconduct affecting the integrity of background investigations, to update guidelines for position designation, and for other purposes.",20,0,"validation"
"113-S-1781",113,"A bill to amend the Clean Air Act to clarify the definition of accidental release, and for other purposes.",7,0,"validation"
"113-S-2023",113,"A bill to reform the financing of Senate elections, and for other purposes.",20,0,"validation"
"113-S-2129",113,"A bill to amend the Department of Energy Organization Act to improve technology transfer at the Department of Energy by reducing bureaucratic barriers to industry, entrepreneurs, and small businesses, as well as ensure that public investments in research and development generate the greatest return on investment for taxpayers, and for other purposes.",1,0,"validation"
"113-S-2191",113,"A bill to amend the Internal Revenue Code of 1986 to repeal the excise tax on high cost employer-sponsored health coverage, and for other purposes.",3,1,"validation"
"113-S-2416",113,"A bill to apply laws that restrict the political speech of American citizens to media corporations.",2,0,"validation"
"113-S-2438",113,"An original bill making appropriations for the Departments of Transportation, and Housing and Urban Development, and related agencies for the fiscal year ending September 30, 2015, and for other purposes.",20,0,"validation"
"113-S-2868",113,"A bill to establish a statute of limitations for certain actions of the Securities and Exchange Commission, and for other purposes.",15,0,"validation"
"113-S-2887",113,"A bill to expand access to transportation services for individuals with disabilities.",13,0,"validation"
"113-S-490",113,"A bill to amend the Internal Revenue Code of 1986 to allow refunds of Federal motor fuel excise taxes on fuels used in mobile mammography vehicles.",8,0,"validation"
"113-S-510",113,"A bill to authorize the Secretary of the Interior to convey certain interests in Federal land acquired for the Scofield Project in Carbon County, Utah.",21,0,"validation"
"113-S-534",113,"A bill to reform the National Association of Registered Agents and Brokers, and for other purposes.",15,0,"validation"
"113-S-659",113,"A bill to reauthorize the Reclamation States Emergency Drought Relief Act of 1991, and for other purposes.",21,0,"validation"
"113-S-805",113,"A bill to improve compliance with mine and occupational safety and health laws, and empower workers to raise safety concerns, prevent future mine and other workplace tragedies, and establish rights of families of victims of workplace accidents, and for other purposes.",5,0,"validation"
"114-HR-104",114,"To protect cyber privacy, and for other purposes.",2,0,"validation"
"114-HR-1131",114,"To amend the Higher Education Act of 1965 to provide for the refinancing of certain Federal student loans, and for other purposes.",6,0,"validation"
"114-HR-1166",114,"To direct the Securities and Exchange Commission to require any person subject to accounting principles or standards under the securities laws to show all transactions of such person on the balance sheet of such person.",15,0,"validation"
"114-HR-1587",114,"To amend section 1201 of title 17, United States Code, to require the infringement of a copyright for a violation of such section, and for other purposes.",15,0,"validation"
"114-HR-2035",114,"To amend titles XI and XVIII of the Social Security Act and title XXVII of the Public Health Service Act to improve coverage for colorectal screening tests under Medicare and private health insurance coverage, and for other purposes.",3,1,"validation"
"114-HR-2046",114,"To amend title 38, United States Code, to improve the participation of the Department of Veterans Affairs in the prescription drug monitoring programs of the States.",3,1,"validation"
"114-HR-2072",114,"To withdraw all Federal land located within the Rainy River Drainage Basin in Minnesota from all forms of entry, appropriation, or disposal under the public land laws, location, entry, and patent under the mining laws, and operation of the mineral leasing laws, and for other purposes.",21,0,"validation"
"114-HR-2196",114,"To amend title XVIII of the Social Security Act to provide for an increase in the limit on the length of an agreement under the Medicare independence at home medical practice demonstration program.",3,1,"validation"
"114-HR-2239",114,"To amend the Export-Import Bank Act of 1945 to increase the target financing of exports by small business concerns.",18,0,"validation"
"114-HR-2382",114,"To amend the Elementary and Secondary Education Act of 1965 to authorize a parent to opt their child out of participation in certain assessments required under such Act.",6,0,"validation"
"114-HR-2530",114,"To amend title 49, United States Code, to provide for private lactation areas in the terminals of large and medium hub airports, and for other purposes.",3,1,"validation"
"114-HR-2921",114,"To intensify stem cell research showing evidence of substantial clinical benefit to patients, and for other purposes.",3,1,"validation"
"114-HR-315",114,"To require the Secretary of Defense to establish a process to determine whether individuals claiming certain service in the Philippines during World War II are eligible for certain benefits despite not being on the Missouri List, and for other purposes.",16,0,"validation"
"114-HR-3422",114,"To amend title 38, United States Code, to direct the Secretary of Veterans Affairs to establish credentialing requirements for medical vendors.",3,1,"validation"
"114-HR-3577",114,"To amend title 44, United States Code, to restrict the printing and distribution of paper copies of Congressional documents.",20,0,"validation"
"114-HR-3672",114,"To amend the Internal Revenue Code of 1986 to reduce the holding period used to determine whether horses are section 1231 assets to 12 months.",15,0,"validation"
"114-HR-3736",114,"To provide for the restoration of Federal recognition to the Clatsop-Nehalem Confederated Tribes of Oregon, and for other purposes.",21,0,"validation"
"114-HR-3860",114,"To preserve the companionship services exemption for minimum wage and overtime pay, and the live-in domestic services exemption for overtime pay, under the Fair Labor Standards Act of 1938.",5,0,"validation"
"114-HR-3969",114,"To designate the Department of Veterans Affairs community-based outpatient clinic in Laughlin, Nevada, as the """"""""""""""""""""""""""""""""""""""""""""""""""""""""""""""""""""""""""""""""""""""""""""""""""""""""""""""""""""""""""""""""Master Chief Petty Officer Jesse Dean VA Clinic"""""""""""""""""""""""""""""""""""""""""""""""""""""""""""""""""""""""""""""""""""""""""""""""""""""""""""""""""""""""""""""""".",20,0,"validation"
"114-HR-3978",114,"To amend title 38, United States Code, to establish an Ombudsman within the Veterans Health Administration of the Department of Veterans Affairs.",3,1,"validation"
"114-HR-4185",114,"To make adjustments, including by amending title XVIII of the Social Security Act, relating to competitive bidding program and durable medical equipment under the Medicare program, to amend such title to establish a DMEPOS market pricing program demonstration project, and for other purposes.",3,1,"validation"
"114-HR-4548",114,"To amend the Congressional Accountability Act of 1995 to clarify that employees of the Commission on Security and Cooperation in Europe and the Congressional-Executive Commission on the People's Republic of China are to be treated as covered employees for purposes of such Act.",20,0,"validation"
"114-HR-4635",114,"To provide for a prescription drug take-back program for members of the Armed Forces and veterans, and for other purposes.",3,1,"validation"
"114-HR-843",114,"To prohibit treatment of gray wolves in Minnesota, Wisconsin, and Michigan as endangered species, and for other purposes.",7,0,"validation"
"114-HR-909",114,"To amend the Federal Food, Drug, and Cosmetic Act with respect to expanding access for breakthrough drugs, and for other purposes.",3,1,"validation"
"114-S-1030",114,"A bill to amend title 18, United States Code, to provide for clarification as to the meaning of access without authorization, and for other purposes.",12,0,"validation"
"114-S-11",114,"A bill to protect the separation of powers in the Constitution of the United States by ensuring that the President takes care that the laws be faithfully executed, and for other purposes.",20,0,"validation"
"114-S-172",114,"A bill to amend title 38, United States Code, to provide for certain requirements relating to the immunization of veterans, and for other purposes.",3,1,"validation"
"114-S-1785",114,"A bill to repeal the wage rate requirements of the Davis-Bacon Act.",5,0,"validation"
"114-S-1862",114,"A bill to require the Administrator of the Small Business Administration to carry out a pilot program on issuing grants to eligible veterans to start or acquire qualifying businesses, and for other purposes.",15,0,"validation"
"114-S-1960",114,"A bill to establish a statute of limitations for certain actions of the Securities and Exchange Commission, and for other purposes.",15,0,"validation"
"114-S-2099",114,"A bill to provide for the establishment of a mechanism to allow borrowers of Federal student loans to refinance their loans, to amend the Internal Revenue Code of 1986 to extend the exclusion for employer-provided educational assistance to employer payment of interest on certain refinanced student loans, and for other purposes.",6,0,"validation"
"114-S-2265",114,"A bill to improve the provision of health care by the Department of Veterans Affairs to veterans in rural and highly rural areas, and for other purposes.",3,1,"validation"
"114-S-2553",114,"A bill to amend the Communications Act of 1934 to require multi-line telephone systems to have a default configuration that permits users to directly initiate a call to 9-1-1 without dialing any additional digit, code, prefix, or post-fix, and for other purposes.",17,0,"validation"
"114-S-2678",114,"A bill to direct the NIH to intensify and coordinate fundamental, translational, and clinical research with respect to the understanding of pain, the discovery and development of therapies for chronic pain, and the development of alternatives to opioids for effective pain treatments.",3,1,"validation"
"114-S-620",114,"A bill to clarify rules relating to nondiscriminatory employer wellness programs as such programs relate to premium discounts, rebates, or modifications to otherwise applicable cost sharing under group health plans.",3,1,"validation"
"114-S-774",114,"A bill to amend the Federal Financial Institutions Examination Council Act of 1978 to improve the examination of depository institutions, and for other purposes.",15,0,"validation"
"111-H-1041",111,"To direct the Secretary of the Interior to study the suitability and feasibility of designating sites in the Lower Mississippi River Area in the State of Louisiana as a unit of the National Park System, and for other purposes.",21,0,"working"
"111-H-1052",111,"To mandate minimum periods of rest and recuperation for units and members of the regular and reserve components of the Armed Forces between deployments for Operation Iraqi Freedom or Operation Enduring Freedom.",16,0,"working"
"111-H-1132",111,"To amend the Internal Revenue Code of 1986 to extend and modify the railroad track maintenance credit.",10,0,"working"
"111-H-1147",111,"To implement the recommendations of the Federal Communications Commission report to the Congress regarding low-power FM service.",17,0,"working"
"111-H-1188",111,"To amend title XVIII of the Social Security Act to improve access to emergency medical services and the quality and efficiency of care furnished in emergency departments of hospitals and critical access hospitals by establishing a bipartisan commission to examine factors that affect the effective delivery of such services, by providing for additional payments for certain physician services furnished in such emergency departments, and by establishing a Centers for Medicare & Medicaid Services Working Group, and for other purposes.",3,1,"working"
"111-H-119",111,"To direct the Administrator of the Federal Emergency Management Agency to designate New Jersey Task Force 1 as part of the National Urban Search and Rescue System.",20,0,"working"
"111-H-1231",111,"To protect the property and security of homeowners who are subject to foreclosure proceedings, and for other purposes.",14,0,"working"
"111-H-1294",111,"To amend the Congressional Budget and Impoundment Control Act of 1974 to provide for the expedited consideration of certain proposed rescissions of budget authority.",1,0,"working"
"111-H-1331",111,"To replace the HOPE for Homeowners Program with a new program developed and implemented by the Secretary of Housing and Urban Development.",14,0,"working"
"111-H-1399",111,"To amend the Food Security Act of 1985 to support State and tribal government efforts to encourage owners and operators of privately held farm, ranch, and forest land containing maple trees to make their land available for access by the public for maple-tapping activities under programs administered by States and tribal governments.",21,0,"working"
"111-H-1441",111,"To amend title XIX of the Social Security Act to allow States to permit certain Medicaid eligible individuals who have extremely high annual lifelong orphan drug costs to continue on Medicaid notwithstanding increased income.",3,1,"working"
"111-H-148",111,"To prohibit the use of funds to transfer enemy combatants detained by the United States at Naval Station, Guantanamo Bay, Cuba, to the United States Disciplinary Barracks, Fort Leavenworth, Kansas.",12,0,"working"
"111-H-1713",111,"To name the South Central Agricultural Research Laboratory of the Department of Agriculture in Lane, Oklahoma, and the facility of the United States Postal Service located at 310 North Perry Street in Bennington, Oklahoma, in honor of former Congressman Wesley Wes Watkins.",20,0,"working"
"111-H-1728",111,"To amend the Truth in Lending Act to reform consumer mortgage practices and provide accountability for such practices, to provide certain minimum standards for consumer mortgage loans, and for other purposes.",15,0,"working"
"111-H-1744",111,"To amend the Consumer Credit Protection Act to assure meaningful disclosures of the terms of rental-purchase agreements, including disclosures of all costs to consumers under such agreements, to provide certain substantive rights to consumers under such agreements, and for other purposes.",15,0,"working"
"111-H-1868",111,"To amend section 301 of the Immigration and Nationality Act to clarify those classes of individuals born in the United States who are nationals and citizens of the United States at birth.",9,0,"working"
"111-H-1878",111,"To establish a health and education grant program related to autism spectrum disorders, and for other purposes.",3,1,"working"
"111-H-1887",111,"To establish a Presidential Commission on Women, and for other purposes.",2,0,"working"
"111-H-1892",111,"To designate the facility of the United States Postal Service located at 102 North Main Street in Cedarville, Ohio, as the William 'Brent' Turner Post Office.",20,0,"working"
"111-H-1900",111,"To provide for emergency deployments of United States Border Patrol agents and to increase the number of DEA and ATF agents along the international border of the United States to increase resources to identify and eliminate illicit sources of firearms into Mexico for use by violent drug trafficking organizations and for other lawful activities and for other purposes.",12,0,"working"
"111-H-198",111,"To amend the Internal Revenue Code of 1986 to allow a deduction for amounts paid for health insurance and prescription drug costs of individuals.",3,1,"working"
"111-H-2145",111,"To amend title II of the Social Security Act to restrict the application of the windfall elimination provision to individuals whose combined monthly income from benefits under such title and other monthly periodic payments exceeds a minimum COLA-adjusted amount of $2,500 and to provide for a graduated implementation of such provision on amounts above such minimum amount.",13,0,"working"
"111-H-2176",111,"To amend title XVIII of the Social Security Act to continue the ability of hospitals to supply a needed workforce of nurses and allied health professionals by preserving funding for hospital operated nursing and allied health education programs.",3,1,"working"
"111-H-2303",111,"To amend the Internal Revenue Code of 1986 to eliminate the restriction on reducing Federal income tax refunds for past-due State income tax obligations of out-of-state residents in the case of States with reciprocal agreements with the Federal Government to reduce State income tax refunds for Federal income tax obligations.",1,0,"working"
"111-H-2309",111,"To provide authority to the Federal Trade Commission to expedite rulemakings concerning consumer credit or debt and to direct the Commission to examine and promulgate rules with regard to debt settlement and automobile sales, and for other purposes.",15,0,"working"
"111-H-2313",111,"To support programs that offer instruction in Chinese language and culture, and for other purposes.",19,0,"working"
"111-H-2443",111,"To amend title XVIII of the Social Security Act to preserve access to ambulance services under the Medicare Program.",3,1,"working"
"111-H-2517",111,"To provide certain benefits to domestic partners of Federal employees.",20,0,"working"
"111-H-2538",111,"To amend the Public Health Service Act to provide for the establishment and maintenance of an undiagnosed diseases registry.",3,1,"working"
"111-H-2575",111,"To provide parity under group health plans and group health insurance coverage in the provision of benefits for prosthetic devices and orthotics devices, components and benefits for other medical and surgical services.",3,1,"working"
"111-H-2644",111,"To waive the 35-mile rule to permit recognition of Gadsden Community Hospital as a critical access hospital under the Medicare Program.",3,1,"working"
"111-H-2686",111,"To amend title XVIII of the Social Security Act to provide for a Medicare Advantage benchmark adjustment for certain local areas with VA medical centers and for certain contiguous areas.",3,1,"working"
"111-H-2687",111,"To withhold United States assessed and voluntary contributions to the Organization of American States (OAS) if Cuba is allowed full membership or participation in the OAS unless the President certifies that Cuba has satisfied certain conditions, and for other purposes.",19,0,"working"
"111-H-2748",111,"To amend the Internal Revenue Code of 1986 to encourage guaranteed lifetime income payments by excluding from income a portion of such payments.",13,0,"working"
"111-H-2806",111,"To authorize the Secretary of the Interior to adjust the boundary of the Stephen Mather Wilderness and the North Cascades National Park in order to allow the rebuilding of a road outside of the floodplain while ensuring that there is no net loss of acreage to the Park or the Wilderness, and for other purposes.",21,0,"working"
"111-H-2846",111,"To increase energy independence and job creation by increasing safe American energy production, encouraging the development of alternative and renewable energy, and promoting greater efficiencies and conservation for a cleaner environment.",8,0,"working"
"111-H-2872",111,"To improve the quality and cost effectiveness of cancer care to Medicare beneficiaries by establishing a national demonstration project.",3,1,"working"
"111-H-2911",111,"To improve end-of-life care.",3,1,"working"
"111-H-3024",111,"To amend title XVIII of the Social Security Act to provide Medicare beneficiaries greater choice with regard to accessing hearing health services and benefits.",3,1,"working"
"111-H-3030",111,"To establish pilot projects under the Medicare Program to provide incentives for home health agencies to utilize home monitoring and communications technologies.",3,1,"working"
"111-H-3041",111,"To amend the Fair Labor Standards Act to provide for the calculation of the minimum wage based on the Federal poverty threshold for a family of 2, as determined by the Census Bureau.",5,0,"working"
"111-H-3055",111,"To amend title XIX of the Social Security Act to continue Medicaid spousal impoverishment protections for spouses of beneficiaries receiving home and community based services under a current waiver parallel to protections afforded spouses of nursing home residents.",3,1,"working"
"111-H-3115",111,"To amend the Internal Revenue Code of 1986 to provide credits to small businesses and their employees for health insurance coverage.",15,0,"working"
"111-H-3144",111,"To amend the Public Health Service Act to promote obesity prevention, including proper nutrition and exercise.",3,1,"working"
"111-H-319",111,"To amend titles XIX and XXI of the Social Security Act to permit States the option of coverage of legal immigrants under the Medicaid Program and the State children's health insurance program (SCHIP).",3,1,"working"
"111-H-3217",111,"To amend the Public Health Service Act to provide for cooperative governing of individual health insurance coverage offered in interstate commerce.",3,1,"working"
"111-H-327",111,"To establish the National Hurricane Research Initiative to improve hurricane preparedness, and for other purposes.",3,1,"working"
"111-H-3421",111,"To exclude from consumer credit reports medical debt that has been in collection and has been fully paid or settled, and for other purposes.",15,0,"working"
"111-H-344",111,"To amend the Internal Revenue Code of 1986 to allow a full deduction for meals and lodging in connection with medical care.",3,1,"working"
"111-H-3547",111,"To designate the facility of the United States Postal Service located at 936 South 250 East in Provo, Utah, as the Rex E. Lee Post Office Building.",20,0,"working"
"111-H-3590",111,"To amend the Internal Revenue Code of 1986 to modify the first-time homebuyers credit in the case of members of the Armed Forces and certain other Federal employees, and for other purposes.",3,1,"working"
"111-H-3648",111,"To amend title VII of the Public Health Service Act to increase the number of physicians who practice in underserved rural communities.",3,1,"working"
"111-H-3720",111,"To direct the Secretary of Transportation to promulgate a rule to improve the daytime and nighttime visibility of agricultural equipment that may be operated on a public road.",4,0,"working"
"111-H-3729",111,"To amend section 31 of the Small Business Act with respect to awarding contract opportunities to qualified HUBZone small business concerns, and for other purposes.",15,0,"working"
"111-H-3736",111,"To reform the Minerals Management Service by establishing it as an independent Federal agency.",20,0,"working"
"111-H-3854",111,"To amend the Small Business Act and the Small Business Investment Act of 1958 to improve programs providing access to capital under such Acts, and for other purposes.",15,0,"working"
"111-H-3886",111,"To amend title 38, United States Code, to authorize the Secretary of Veterans Affairs to reimburse certain volunteers who provide funeral honors details at the funerals of veterans.",16,0,"working"
"111-H-393",111,"To provide for the periodic review of the efficiency and public need for Federal agencies, to establish a Commission for the purpose of reviewing the efficiency and public need of such agencies, and to provide for the abolishment of agencies for which a public need does not exist.",20,0,"working"
"111-H-3962",111,"To provide affordable, quality health care for all Americans and reduce the growth in health care spending, and for other purposes.",3,1,"working"
"111-H-4046",111,"To enhance the reporting requirements on the status of the Arab League trade boycott of Israel and other trade boycotts of Israel.",18,0,"working"
"111-H-4273",111,"To establish and carry out a pediatric specialty loan repayment program.",3,1,"working"
"111-H-4294",111,"To amend the Public Works and Economic Development Act of 1965 to eliminate cost-sharing requirements in connection with economic adjustment grants made to assist communities that have suffered economic injury as a result of military base closures and realignments, defense contractor reductions in force, and Department of Energy defense-related funding reductions.",16,0,"working"
"111-H-4386",111,"To amend title 10, United States Code, to require emergency contraception to be available at all military health care treatment facilities.",3,1,"working"
"111-H-4398",111,"To address public safety risks in western States by facilitating insect and disease infestation treatment of National Forest System land and certain adjacent land, to make permanent the good-neighbor authority for Colorado and stewardship contracting authorities available to the Forest Service, and for other purposes.",21,0,"working"
"111-H-4544",111,"To change references in Federal law to mental retardation to references to an intellectual disability, and change references to a mentally retarded individual to references to an individual with an intellectual disability.",3,1,"working"
"111-H-462",111,"To amend titles XIX and XXI of the Social Security Act to improve dental benefits under Medicaid and the State Children's Health Insurance Program (SCHIP), and for other purposes.",3,1,"working"
"111-H-4631",111,"To amend section 1105 of title 31, United States Code, to require that annual budget submissions of the President to Congress provide certain information regarding companies in which the Government holds stock, and for other purposes.",20,0,"working"
"111-H-4714",111,"To amend title 49, United States Code, to authorize appropriations for the National Transportation Safety Board for fiscal years 2011 through 2014, and for other purposes.",10,0,"working"
"111-H-4911",111,"To repeal specific provisions in the Patient Protection and Affordable Care Act.",3,1,"working"
"111-H-4929",111,"To amend the Small Business Act to ensure that certain Federal contracts are set aside for small businesses, to enhance services to small businesses that are disadvantaged, and for other purposes.",15,0,"working"
"111-H-5009",111,"To designate certain lands in the Wasatch Mountains of Salt Lake County, Utah, as wilderness, and for other purposes.",21,0,"working"
"111-H-5128",111,"To designate the Department of the Interior Building in Washington, District of Columbia, as the Stewart Lee Udall Department of the Interior Building.",20,0,"working"
"111-H-5163",111,"To amend the Energy Policy Act of 2005 to require the Secretary of Energy to carry out a research program to reduce manufacturing and construction costs relating to nuclear reactors, and for other purposes.",8,0,"working"
"111-H-5180",111,"To establish an Ombudsman Office within the National Marine Fisheries Service, and for other purposes.",4,0,"working"
"111-H-525",111,"To amend the Internal Revenue Code of 1986 to repeal the recapture rule of the first-time homebuyer credit and to extend the application of the credit through 2009.",15,0,"working"
"111-H-5268",111,"To provide assistance to improve maternal and newborn health in developing countries, and for other purposes.",3,1,"working"
"111-H-5318",111,"To amend the Internal Revenue Code of 1986 to waive the 10-percent penalty on early distributions from individual retirement plans for small business investments.",15,0,"working"
"111-H-5413",111,"To authorize the Pechanga Band of Luiseno Mission Indians Water Rights Settlement, and for other purposes.",21,0,"working"
"111-H-5615",111,"To amend the Internal Revenue Code of 1986 to repeal the medical device tax, and for other purposes.",3,1,"working"
"111-H-5733",111,"To permit health care providers to disclose certain protected health information to law enforcement officials.",3,1,"working"
"111-H-5834",111,"To amend title II of the Social Security Act and the Internal Revenue Code of 1986 to make improvements in the old-age, survivors, and disability insurance program, to provide for cash relief for years for which annual COLAs do not take effect under certain cash benefit programs, and to provide for Social Security benefit protection.",13,0,"working"
"111-H-5845",111,"To authorize 700 incremental vouchers for tenant-based rental assistance under section 8 of the United States Housing Act of 1937 to help meet the housing needs of low-income families in the Commonwealth of the Northern Mariana Islands.",14,0,"working"
"111-H-5901",111,"To amend the Internal Revenue Code of 1986 to exempt certain stock of real estate investment trusts from the tax on foreign investment in United States real property interests, and for other purposes.",1,0,"working"
"111-H-5911",111,"To modify the boundary of Rocky Mountain National Park, and for other purposes.",21,0,"working"
"111-H-6015",111,"To require the Director of the Bureau of Economic Analysis of the Department of Commerce to publish certain economic data regarding territories and Freely Associated States, and for other purposes.",21,0,"working"
"111-H-6058",111,"To ensure that the housing assistance programs of the Department of Housing and Urban Development and the Department of Veterans Affairs are available to veterans and members of the Armed Forces who have service-connected injuries and to survivors and dependents of veterans and members of the Armed Forces.",14,0,"working"
"111-H-609",111,"To permit California and other States to effectively control greenhouse gas emissions from motor vehicles, and for other purposes.",7,0,"working"
"111-H-611",111,"To provide for marginal well production preservation and enhancement.",8,0,"working"
"111-H-6114",111,"To authorize the acquisition of land for Virgin Islands National Park, and for other purposes.",21,0,"working"
"111-H-6147",111,"To amend title XVIII of the Social Security Act to provide for treatment of clinical psychologists as physicians for purposes of furnishing clinical psychologist services under the Medicare Program.",3,1,"working"
"111-H-6244",111,"To provide incentives for States and local educational agencies to implement comprehensive reforms and innovative strategies that are designed to lead to significant improvement in outcomes for all students and significant reductions in achievement gaps among subgroups of students, and for other purposes.",6,0,"working"
"111-H-6247",111,"To optimize transportation through efficient operations and maintenance programs.",10,0,"working"
"111-H-6284",111,"To prohibit the Administrator of the Environmental Protection Agency from regulating, based on material composition, any type of firearm ammunition or fishing tackle.",7,0,"working"
"111-H-6304",111,"To establish in the Department of the Treasury the Office of the Homeowner Advocate to assist homeowners, housing counselors, and housing lawyers in resolving problems with the Home Affordable Modification Program.",14,0,"working"
"111-H-6306",111,"To improve the understanding and coordination of critical care health services.",3,1,"working"
"111-H-6307",111,"To amend title 17, United States Code, to enable a public broadcaster to obtain statutory licenses for the transmission of sound recordings online, unless a substantial portion of the sound recordings transmitted, on a weekly basis, are by the same featured recording artist or of the same musical work, and for other purposes.",17,0,"working"
"111-H-6326",111,"To amend title 49, United States Code, to provide waivers and appeals to certain individuals.",2,0,"working"
"111-H-6338",111,"To amend the Federal Crop Insurance Act to permit certain livestock owners to plant a secondary crop for the use of the producer as emergency feed.",15,0,"working"
"111-H-6366",111,"To amend the National Trails System Act to designate the routes of the Shawnee Cattle Trail, the oldest of the major Texas Cattle Trails, for study for potential addition to the National Trails System, and for other purposes.",21,0,"working"
"111-H-6446",111,"To authorize the transfer of a naval vessel to the Mackinac Island State Park Commission of the State of Michigan.",20,0,"working"
"111-H-6466",111,"To amend title 38, United States Code, to provide certain abused dependents of veterans with health care.",3,1,"working"
"111-H-6518",111,"To direct the Secretary of Transportation to study the feasibility of more widespread use of in-vehicle technology to prevent alcohol-impaired driving, to require a Federal motor vehicle safety standard related to rollover prevention and crash mitigation, and for other purposes.",10,0,"working"
"111-H-6523",111,"To authorize appropriations for fiscal year 2011 for military activities of the Department of Defense, for military construction, and for defense activities of the Department of Energy, to prescribe military personnel strengths for such fiscal year, and for other purposes.",16,0,"working"
"111-H-770",111,"To amend title II of the Social Security Act to repeal the 7-year restriction on eligibility for widow's and widower's insurance benefits based on disability.",13,0,"working"
"111-H-803",111,"To amend titles 23 and 49, United States Code, to require metropolitan planning organizations to consider greenhouse gas emissions in long-range transportation plans and transportation improvement programs.",7,0,"working"
"111-H-804",111,"To amend the Public Health Service Act to require the expansion, intensification, and coordination of research and other activities of the National Institutes of Health with respect to primary lateral sclerosis.",3,1,"working"
"111-H-84",111,"To amend title 38, United States Code, to establish standards of access to care for veterans seeking health care from the Department of Veterans Affairs, and for other purposes.",3,1,"working"
"111-H-852",111,"To authorize the Secretary of the Treasury to issue Re-Build America Bonds to finance essential infrastructure projects.",15,0,"working"
"111-H-857",111,"To limit compensation to officers and directors of entities receiving emergency economic assistance from the Government, and for other purposes.",20,0,"working"
"111-S-1157",111,"A bill to amend title XVIII of the Social Security Act to protect and preserve access of Medicare beneficiaries in rural areas to health care providers under the Medicare program, and for other purposes.",3,1,"working"
"111-S-1213",111,"A bill to amend title XI of the Social Security Act to provide for the conduct of comparative effectiveness research and to amend the Internal Revenue Code of 1986 to establish a Patient-Centered Outcomes Research Trust Fund, and for other purposes.",3,1,"working"
"111-S-1272",111,"A bill to provide for the designation of the Devil's Staircase Wilderness Area in the State of Oregon, to designate segments of Wasson and Franklin Creeks in the State of Oregon as wild or recreation rivers, and for other purposes.",21,0,"working"
"111-S-1434",111,"An original bill making appropriations for the Department of State, foreign operations, and related programs for the fiscal year ending September 30, 2010, and for other purposes.",20,0,"working"
"111-S-1500",111,"A bill to amend the Richard B. Russell National School Lunch Act to prohibit schools that participate in the Federal school meal programs from serving foods that contain trans fats derived from partially hydrogenated oils.",6,0,"working"
"111-S-1550",111,"A bill to ensure that individuals detained by the Department of Homeland Security are treated humanely, provided adequate medical care, and granted certain specified rights.",3,1,"working"
"111-S-1551",111,"A bill to amend section 20 of the Securities Exchange Act of 1934 to allow for a private civil action against a person that provides substantial assistance in violation of such Act.",15,0,"working"
"111-S-1639",111,"A bill to amend the Internal Revenue Code of 1986 to improve and extend certain energy-related tax provisions, and for other purposes.",1,0,"working"
"111-S-1710",111,"A bill to prohibit recipients of TARP assistance from funding ACORN, and for other purposes.",20,0,"working"
"111-S-176",111,"A bill to improve the job access and reverse commute program, and for other purposes.",5,0,"working"
"111-S-189",111,"A bill to amend the National Trails System Act to clarify Federal authority relating to land acquisition from willing sellers for the majority of the trails in the System, and for other purposes.",21,0,"working"
"111-S-1903",111,"A bill to suspend temporarily the duty on 1,3-Dimethyl-1H-pyrazol-5-ol and 1,3-Dimethylpyrazol-5-one.",18,0,"working"
"111-S-1976",111,"A bill to extend the temporary suspension of duty on magnesium peroxide.",18,0,"working"
"111-S-2004",111,"A bill to suspend temporarily the duty on certain acrylic synthetic staple fiber.",18,0,"working"
"111-S-2008",111,"A bill to extend temporarily the suspension of duty on 4,4N-Oxydiphthalic anhydride.",18,0,"working"
"111-S-2083",111,"A bill to suspend temporarily the duty on artificial flowers of manmade fibers assembled as swags.",18,0,"working"
"111-S-209",111,"A bill to amend the Internal Revenue Code of 1986 to modify and extend the credit for alternative motor vehicles, and for other purposes.",10,0,"working"
"111-S-2142",111,"A bill to extend the duty suspension on 2-Methylhydroquinone.",18,0,"working"
"111-S-2217",111,"A bill to provide for the liquidation or reliquidation of certain entries relating to top-of-the-stove stainless steel cooking ware from the Republic of Korea entered between January 1, 1999 and January 22, 2003.",19,0,"working"
"111-S-2356",111,"A bill to suspend temporarily the duty on a mixture of 1-(1,2,3,4,5,6,7,8-octahydro-2,3,8,8-tetramethyl-2-naphthalenyl)-ethan-1-one (and isomers).",18,0,"working"
"111-S-2368",111,"A bill to suspend temporarily the duty on 40% Polymer acid salt/polymer amide 60% Butyl acetate.",18,0,"working"
"111-S-2392",111,"A bill to extend the temporary suspension of duty on Acetic acid, [4-2,6-dihydro-2,6-dioxo-7-phenylbenzo[1,2-b:4,5-b']difuan-3yl)phenoxy]-, 2-ethoxyethyl ester.",18,0,"working"
"111-S-2436",111,"A bill to extend the temporary suspension of duty on polytetramethylene ether glycol (tetrahydro-3-methylfuran, polymer with tetrahydrofuran).",18,0,"working"
"111-S-2541",111,"A bill to extend the temporary suspension of duty on Ethanesulfonic acid, 2-[[[2,5-dichloro-4-[(2-methyl-aH-indol-3-yl)azo]phenyl]sulfonyl]amino]-, monosodium salt.",18,0,"working"
"111-S-281",111,"A bill to promote labor force participation of older Americans, with the goals of increasing retirement security, reducing the projected shortage of experienced workers, maintaining future economic growth, and improving the Nation's fiscal outlook.",5,0,"working"
"111-S-2839",111,"A bill to amend the Torture Victims Relief Act of 1998 to authorize appropriations to provide assistance for domestic and foreign programs and centers for treatment of victims of torture, and for other purposes.",19,0,"working"
"111-S-2940",111,"A bill to increase the use of security cameras at airport security screening checkpoints and exits, to impose increased penalties on individuals who circumvent security screening at airports, and for other purposes.",10,0,"working"
"111-S-2975",111,"A bill to prohibit the manufacture, sale, or distribution in commerce of children's jewelry containing cadmium, barium, or antimony, and for other purposes.",15,0,"working"
"111-S-2982",111,"A bill to combat international violence against women and girls.",19,0,"working"
"111-S-3105",111,"A bill to expand the scope of the definition of airport planning to include waste management planning.",7,0,"working"
"111-S-3122",111,"A bill to require the Attorney General of the United States to compile, and make publicly available, certain data relating to the Equal Access to Justice Act, and for other purposes.",12,0,"working"
"111-S-3201",111,"A bill to amend title 10, United States Code, to extend TRICARE coverage to certain dependents under the age of 26.",5,0,"working"
"111-S-3226",111,"A bill to require the Secretary of Energy to take actions to stimulate the emergence of an offshore wind power industry in the United States, and for other purposes.",8,0,"working"
"111-S-3299",111,"A bill to amend the Help America Vote Act of 2002 to allow all eligible voters to vote by mail in Federal elections.",20,0,"working"
"111-S-3393",111,"A bill to provide for extension of COBRA continuation coverage until coverage is available otherwise under either an employment-based health plan or through an American Health Benefit Exchange under the Patient Protection and Affordable Care Act.",3,1,"working"
"111-S-341",111,"A bill to amend the Economic Adjustment Assistance grant program to improve assistance for areas affected by long-term economic deterioration and severe economic dislocation relating to the manufacturing industry sector, to amend the Workforce Investment Act of 1998 to expand the national emergency grants program, and for other purposes.",14,0,"working"
"111-S-342",111,"A bill to provide for the treatment of service as a member of the Alaska Territorial Guard during World War II as active service for purposes of retired pay for members of the Armed Forces.",16,0,"working"
"111-S-3514",111,"A bill to amend the Outer Continental Shelf Lands Act to prohibit a person from entering into any Federal oil or gas lease or contract unless the person pays into an Oil Spill Recovery Fund, or posts a bond, in an amount equal to the total of the outstanding liability of the person and any removal costs incurred by, or on behalf of, the person with respect to any oil discharge for which the person has outstanding liability, and for other purposes.",8,0,"working"
"111-S-3544",111,"A bill to amend the Immigration and Nationality Act to modify the requirements of the visa waiver program and for other purposes.",9,0,"working"
"111-S-3631",111,"A bill to encourage innovation to create clean technologies, and for other purposes.",8,0,"working"
"111-S-3682",111,"A bill to establish the Fox-Wisconsin Heritage Parkway National Heritage Area, and for other purposes.",21,0,"working"
"111-S-3694",111,"A bill to prohibit the conducting of invasive research on great apes, and for other purposes.",3,1,"working"
"111-S-3731",111,"A bill to require the National Telecommunications and Information Administration to conduct a competition to award grants for the development of nonstationary radio over Internet protocol devices that support mission-critical broadband voice and data communications of public safety personnel, and for other purposes.",17,0,"working"
"111-S-3775",111,"A bill to improve prostate cancer screening and treatment, particularly in medically underserved communities, and for other purposes.",3,1,"working"
"111-S-3804",111,"A bill to combat online infringement, and for other purposes.",16,0,"working"
"111-S-3827",111,"A bill to amend the Illegal Immigration Reform and Immigrant Responsibility Act of 1996 to permit States to determine State residency for higher education purposes and to authorize the cancellation of removal and adjustment of status of certain alien students who are long-term United States residents and who entered the United States as children, and for other purposes.",9,0,"working"
"111-S-3831",111,"A bill to amend the provisions of title 5, United States Code, relating to the methodology for calculating the amount of any Postal surplus or supplemental liability under the Civil Service Retirement System, and for other purposes.",20,0,"working"
"111-S-3958",111,"A bill to allow an earlier start for State health care coverage innovation waivers under the Patient Protection and Affordable Care Act.",3,1,"working"
"111-S-4028",111,"A bill to amend part B of title IV of the Social Security Act to authorize the Secretary of Health and Human Services to award grants to local and tribal governments for hiring child protective services workers.",12,0,"working"
"111-S-450",111,"A bill to understand and comprehensively address the oral health problems associated with methamphetamine use.",3,1,"working"
"111-S-456",111,"A bill to direct the Secretary of Health and Human Services, in consultation with the Secretary of Education, to develop guidelines to be used on a voluntary basis to develop plans to manage the risk of food allergy and anaphylaxis in schools and early childhood education programs, to establish school-based food allergy management grants, and for other purposes.",6,0,"working"
"111-S-474",111,"A bill to amend the Congressional Accountability Act of 1995 to apply whistleblower protections available to certain executive branch employees to legislative branch employees, and for other purposes.",20,0,"working"
"111-S-476",111,"A bill to amend title 10, United States Code, to reduce the minimum distance of travel necessary for reimbursement of covered beneficiaries of the military health care system for travel for specialty health care.",3,1,"working"
"111-S-483",111,"A bill to require the Secretary of the Treasury to mint coins in commemoration of Mark Twain.",20,0,"working"
"111-S-54",111,"A bill to amend title XVIII of the Social Security Act to provide for patient protection by establishing minimum nurse staffing ratios at certain Medicare providers, and for other purposes.",3,1,"working"
"111-S-702",111,"A bill to amend the Internal Revenue Code of 1986 to allow long-term care insurance to be offered under cafeteria plans and flexible spending arrangements and to provide additional consumer protections for long-term care insurance.",3,1,"working"
"111-S-785",111,"A bill to establish a grant program to encourage retooling of entities in the timber industry in Alaska, and for other purposes.",21,0,"working"
"111-S-92",111,"A bill to ensure the safety of seafood and seafood products being imported into the United States.",4,0,"working"
"111-S-926",111,"A bill to provide for the continuing review of unauthorized Federal programs and agencies and to establish a bipartisan commission for the purpose of improving oversight and eliminating Government spending.",20,0,"working"
"112-H-1080",112,"To amend title IV of the Public Health Service Act to provide for the establishment of pediatric research consortia.",3,1,"working"
"112-H-1094",112,"To abolish the Board of Governors of the Federal Reserve System and the Federal reserve banks, to repeal the Federal Reserve Act, and for other purposes.",20,0,"working"
"112-H-1173",112,"To repeal the CLASS program.",3,1,"working"
"112-H-1219",112,"To amend title XIX of the Social Security Act to require Medicaid coverage of optometrists.",3,1,"working"
"112-H-1271",112,"To amend the Internal Revenue Code of 1986 to exclude from gross income amounts received on the sale of animals which are raised and sold as part of an educational program.",4,0,"working"
"112-H-1319",112,"To promote the sexual and reproductive health of individuals and couples in developing countries, and for other purposes.",19,0,"working"
"112-H-1337",112,"To support efforts by the Department of State to strengthen the bilateral relationship with Greece.",19,0,"working"
"112-H-1343",112,"To return unused or reclaimed funds made available for broadband awards in the American Recovery and Reinvestment Act of 2009 to the Treasury of the United States.",17,0,"working"
"112-H-1390",112,"To amend title 49, United States Code, to provide for enhanced motorcoach safety, and for other purposes.",10,0,"working"
"112-H-1419",112,"To improve the calculation of, the reporting of, and the accountability for, secondary school graduation rates.",6,0,"working"
"112-H-1450",112,"To amend the Internal Revenue Code of 1986 to eliminate any time limitation for granting equitable innocent spouse relief.",12,0,"working"
"112-H-1463",112,"To authorize the extension of nondiscriminatory treatment (normal trade relations treatment) to the products of Moldova.",18,0,"working"
"112-H-147",112,"To amend the Federal Food, Drug, and Cosmetic Act with respect to the importation of prescription drugs and the sale of such drugs through Internet sites.",3,1,"working"
"112-H-1513",112,"To prohibit the conducting of invasive research on great apes, and for other purposes.",7,0,"working"
"112-H-1553",112,"To include Livingston, Union, and Stephenson Counties in Illinois to the Lincoln National Heritage Area, and for other purposes.",21,0,"working"
"112-H-1570",112,"To amend the Internal Revenue Code of 1986 to provide a tax credit to employers for the value of the service not performed during the period employees are performing service as members of the Ready Reserve or the National Guard.",16,0,"working"
"112-H-1698",112,"To amend the Immigration and Nationality Act to increase penalties for employing illegal aliens.",5,0,"working"
"112-H-1705",112,"To require analyses of the cumulative and incremental impacts of certain rules and actions of the Environmental Protection Agency, and for other purposes.",7,0,"working"
"112-H-1744",112,"To amend the Internal Revenue Code of 1986 to repeal the employer health insurance mandate.",3,1,"working"
"112-H-1802",112,"To amend the Internal Revenue Code of 1986 to provide that the volume cap for private activity bonds shall not apply to bonds for facilities for the furnishing of water and sewage facilities.",7,0,"working"
"112-H-1852",112,"To amend the Public Health Service Act to reauthorize support for graduate medical education programs in children's hospitals.",3,1,"working"
"112-H-1853",112,"To amend the Immigration and Nationality Act to provide for deferred action and parole only in for urgent humanitarian reasons or to gain a significant public benefit, and for other purposes.",9,0,"working"
"112-H-186",112,"To amend title 10, United States Code, to expand the eligibility for concurrent receipt of military retired pay and veterans' disability compensation to include all members of the uniformed services who are retired under chapter 61 of such title for disability, regardless of the members' disability rating percentage.",16,0,"working"
"112-H-1862",112,"To launch a national strategy to support regenerative medicine through funding for research and commercial development of regenerative medicine products and development of a regulatory environment that enables rapid approval of safe and effective products, and for other purposes.",3,1,"working"
"112-H-1889",112,"To amend the Internal Revenue Code of 1986 to suspend the excise tax on highway motor fuels, and for other purposes.",10,0,"working"
"112-H-1971",112,"To amend the Public Health Service Act to ensure transparency and proper operation of pharmacy benefit managers.",3,1,"working"
"112-H-1979",112,"To amend title 10, United States Code, to expand eligibility for concurrent receipt of military retired pay and veterans' disability compensation to include additional chapter 61 disability retirees, to coordinate eligibility for combat-related special compensation and concurrent receipt, to eliminate the reduction of SBP survivor annuities by dependency and indemnity compensation, and to enhance the ability of members of the reserve components who serve on active duty or perform active service to receive credit for such service in determining eligibility for early receipt of non-regular service retired pay.",16,0,"working"
"112-H-2019",112,"To prevent and remedy discrimination with respect to federally funded transportation projects, programs, and activities, and for other purposes.",2,0,"working"
"112-H-2159",112,"To reduce disparities and improve access to effective and cost efficient diagnosis and treatment of prostate cancer through advances in testing, research, and education, including through telehealth, comparative effectiveness research, and identification of best practices in patient education and outreach particularly with respect to underserved racial, ethnic and rural populations and men with a family history of prostate cancer, to establish a directive on what constitutes clinically appropriate prostate cancer imaging, and to create a prostate cancer scientific advisory board for the Office of the Chief Scientist at the Food and Drug Administration to accelerate real-time sharing of the latest research and accelerate movement of new medicines to patients.",3,1,"working"
"112-H-222",112,"To amend title XVIII of the Social Security Act to require hospitals reimbursed under the Medicare system to establish and implement security procedures to reduce the likelihood of infant patient abduction and baby switching, including procedures for identifying all infant patients in the hospital in a manner that ensures that it will be evident if infants are missing from the hospital.",3,1,"working"
"112-H-2222",112,"To amend title 23, United States Code, to direct the Administrator of the Environmental Protection Agency to publish annually a list of vehicles that satisfy requirements for certification as a low emission and energy-efficient vehicle, and for other purposes.",8,0,"working"
"112-H-2250",112,"To provide additional time for the Administrator of the Environmental Protection Agency to issue achievable standards for industrial, commercial, and institutional boilers, process heaters, and incinerators, and for other purposes.",8,0,"working"
"112-H-2321",112,"To provide temporary tax relief for areas damaged by 2011 Southeastern severe storms, tornados, and flooding, and for other purposes.",15,0,"working"
"112-H-2323",112,"To amend title 23, United States Code, to permit the State of West Virginia to allow the operation of certain vehicles for the hauling of coal and coal by-products on Interstate Route 77 in Kanawha County, West Virginia.",10,0,"working"
"112-H-2332",112,"To amend the Public Health Service Act to establish a program of research regarding the risks posed by the presence of dioxin, synthetic fibers, and other additives in feminine hygiene products, and to establish a program for the collection and analysis of data on toxic shock syndrome.",15,0,"working"
"112-H-2357",112,"To amend section 139 of title 49, United States Code, to increase the effectiveness of Federal oversight of motor carriers, and for other purposes.",10,0,"working"
"112-H-2546",112,"To amend the Solid Waste Disposal Act to require the Administrator of the Environmental Protection Agency to promulgate regulations on the management of medical waste.",7,0,"working"
"112-H-2573",112,"To amend section 242 of the National Housing Act to extend the period of applicability of the exemption for critical access hospitals under the FHA program for mortgage insurance for hospitals.",3,1,"working"
"112-H-2696",112,"To amend the Public Health Service Act to expand and intensify programs of the National Institutes of Health and the Centers for Disease Control and Prevention with respect to translational research and related activities concerning Down syndrome, and for other purposes.",3,1,"working"
"112-H-2789",112,"To amend title 31, United States Code, to suspend the issuance of $1 coins for a 15-year period, or until excess stockpiles are exhausted, and for other purposes.",20,0,"working"
"112-H-2793",112,"To prohibit the Secretary of Agriculture from restricting certain hunting activities in the Kisatchie National Forest, and for other purposes.",21,0,"working"
"112-H-2814",112,"To provide authority to compensate Federal employees for the 14-day period in which authority to make expenditures from the Airport and Airway Trust Fund lapsed, and for other purposes.",20,0,"working"
"112-H-3039",112,"To promote job creation in the United States by directing the Secretary of State to address inefficiencies in the visa processing system that discourage overseas business and leisure travel to the United States, and for other purposes.",9,0,"working"
"112-H-3065",112,"To amend the Pittman-Robertson Wildlife Restoration Act to facilitate the establishment of additional or expanded public target ranges in certain States.",21,0,"working"
"112-H-3198",112,"To amend title XVIII of the Social Security Act and title XXVII of the Public Health Service Act to improve coverage for colorectal screening tests under Medicare and private health insurance coverage, and for other purposes.",3,1,"working"
"112-H-3225",112,"To promote and enhance community agricultural production and technology in nontraditional communities through the establishment of a new office in the Department of Agriculture to ensure that Department authorities are coordinated more effectively to encourage local agricultural production and increase the availability of fresh food in nontraditional communities, particularly underserved communities experiencing hunger, poor nutrition, obesity, and food insecurity, and for other purposes.",13,0,"working"
"112-H-3266",112,"To amend title XXIX of the Public Health Service Act to reauthorize the program under such title relating to lifespan respite care.",3,1,"working"
"112-H-3419",112,"To amend title 10, United States Code, to expand the Operation Hero Miles program to include the authority to accept the donation of travel benefits in the form of hotel points or awards for free or reduced-cost accommodations.",16,0,"working"
"112-H-3454",112,"To amend the Food Security Act of 1985 with respect to maximum enrollment and eligible land in the conservation reserve program.",7,0,"working"
"112-H-3630",112,"To provide incentives for the creation of jobs, and for other purposes.",5,0,"working"
"112-H-3633",112,"To amend title XVIII of the Social Security Act to repeal the reduction in Medicare disproportionate share hospital (DSH) payments made by section 3133 of the Patient Protection and Affordable Care Act.",3,1,"working"
"112-H-3638",112,"To create American jobs and reduce the deficit, and for other purposes.",1,0,"working"
"112-H-3672",112,"Making appropriations for disaster relief requirements for the fiscal year ending September 30, 2012, and for other purposes.",15,0,"working"
"112-H-3690",112,"To amend the Federal Water Pollution Control Act relating to beach monitoring, and for other purposes.",7,0,"working"
"112-H-3723",112,"To amend title 38, United States Code, to direct the Secretary of Veterans Affairs to enter into contracts with health care providers to improve access to health care for veterans who have difficulty receiving treatment at a health care facility of the Department of Veterans Affairs, and for other purposes.",3,1,"working"
"112-H-3906",112,"To amend the Atlantic Striped Bass Conservation Act to allow recreational fishing for Atlantic Striped Bass in the Block Island Sound transit zone.",4,0,"working"
"112-H-3920",112,"To extend temporarily the suspension of duty on Acid Black 172.",18,0,"working"
"112-H-3922",112,"To extend the temporary suspension of duty on Cuprate (4-).",18,0,"working"
"112-H-4023",112,"To amend title 38, United States Code, to improve the use of teleconsultation, teleretinal imaging, telemedicine, and telehealth coordination services for the provision of health care to veterans, and for other purposes.",3,1,"working"
"112-H-4048",112,"To amend title 38, United States Code, to clarify the contracting goals and preferences of the Department of Veterans Affairs with respect to small business concerns owned and controlled by veterans.",16,0,"working"
"112-H-4238",112,"To amend the Public Health Service Act to reauthorize certain programs for individuals with traumatic brain injury, and for other purposes.",3,1,"working"
"112-H-4245",112,"To amend title 38, United States Code, to require the Secretary of Veterans Affairs to reimburse eligible veterans who are entitled to Medicare benefits for Medicare deductibles and other expenses that are owed by the veterans for emergency medical treatment provided in non-Department of Veterans Affairs facilities.",3,1,"working"
"112-H-4287",112,"To amend title 38, United States Code, to expand the definition of homeless veteran for purposes of benefits under the laws administered by the Secretary of Veterans Affairs.",16,0,"working"
"112-H-43",112,"To amend the Immigration and Nationality Act to eliminate the diversity immigrant program and to re-allocate those visas to certain employment-based immigrants who obtain an advanced degree in the United States.",9,0,"working"
"112-H-4322",112,"To clarify that a State has the sole authority to regulate hydraulic fracturing on Federal land within the boundaries of the State.",8,0,"working"
"112-H-439",112,"To provide for an earlier start for State health care coverage innovation waivers under the Patient Protection and Affordable Care Act, and for other purposes.",3,1,"working"
"112-H-4452",112,"To suspend temporarily the duty on certain acrylic staple fibers.",18,0,"working"
"112-H-4483",112,"To authorize the Director of the National Science Foundation to provide grants to institutions of higher education for implementing or expanding reforms in undergraduate science, technology, engineering, and mathematics (STEM) education in order to increase the number of students from underrepresented minority groups receiving degrees in these fields, and to recruit, retain, and advance STEM faculty members from underrepresented minority groups at institutions of higher education.",6,0,"working"
"112-H-451",112,"To ensure that patients receive accurate health care information by prohibiting misleading and deceptive advertising or representation in the provision of health care services, and to require the identification of the license of health care professionals.",3,1,"working"
"112-H-4517",112,"To extend the temporary suspension of duty on 4-Chloro-3,5-dinitro-alpha,alpha,alpha-trifluorotoluene.",18,0,"working"
"112-H-4518",112,"To suspend temporarily the duty on certain mixtures of Azoxystrobin.",18,0,"working"
"112-H-4536",112,"To extend the temporary suspension of duty on 2-Chlorobenzyl chloride.",18,0,"working"
"112-H-4548",112,"To extend the temporary suspension of duty on certain acrylic filament tow.",18,0,"working"
"112-H-4554",112,"To extend the temporary suspension of duty on certain modacrylic staple fibers.",18,0,"working"
"112-H-4590",112,"To suspend temporarily the duty on certain window shade material.",18,0,"working"
"112-H-4609",112,"To amend title II of the Social Security Act to provide for treatment of permanent partnerships between individuals of the same gender as marriage for purposes of determining entitlement to benefits under such title.",2,0,"working"
"112-H-4688",112,"To extend the temporary suspension of duty on dry adhesive copolyamide pellets.",18,0,"working"
"112-H-4894",112,"To suspend temporarily the duty on certain work footwear for men covering the ankle.",18,0,"working"
"112-H-495",112,"To amend the Homeland Security Act of 2002 to provide immunity for reports of suspected terrorist activity or suspicious behavior and response.",16,0,"working"
"112-H-5062",112,"To extend and modify the temporary reduction of duty on 3,3N-Dichlorobenzidine dihydrochloride.",18,0,"working"
"112-H-5199",112,"To suspend temporarily the duty on certain filament polyester window shade material in a modified basket weave.",18,0,"working"
"112-H-5256",112,"To suspend temporarily the duty on hand tools designed for securing plastic fasteners.",18,0,"working"
"112-H-5310",112,"To extend the temporary suspension of duty on sorbic acid.",18,0,"working"
"112-H-5361",112,"To extend the temporary suspension of duty on 10,10'-Oxybisphenoxarsine.",18,0,"working"
"112-H-5502",112,"To extend the temporary suspension of duty on mixtures of (acetato) pentammine cobalt dinitrate with a polymeric or paraffinic carrier.",18,0,"working"
"112-H-552",112,"To encourage States and units of general local government to use amounts received under the community development block grant program and the community mental health services and substance abuse block grant programs to provide housing counseling and financial counseling for individuals before their release from inpatient or residential institutions for individuals with mental illness and periodic evaluation of the appropriateness of such counseling after such release.",3,1,"working"
"112-H-5574",112,"To extend the temporary suspension of duty on 2,5-bis[(1,3-dioxobutyl)amino]benzenesulfonic acid.",18,0,"working"
"112-H-5692",112,"To extend the suspension of duty on Interam mats.",18,0,"working"
"112-H-5713",112,"To amend the Transportation Equity Act for the 21st Century to ensure that the highest priority consideration is given to local comments when selecting a toll pilot project, and for other purposes.",10,0,"working"
"112-H-5888",112,"To establish a demonstration program to facilitate physician reentry into clinical practice to provide required primary health services.",3,1,"working"
"112-H-589",112,"To amend title IV of the Supplemental Appropriations Act, 2008 to provide for additional weeks of first-tier emergency unemployment compensation, and for other purposes.",5,0,"working"
"112-H-5920",112,"To create jobs and promote fair trade by increasing duties on certain foreign goods imported into the United States.",18,0,"working"
"112-H-6029",112,"To amend title 18, United States Code, to provide for increased penalties for foreign and economic espionage, and for other purposes.",16,0,"working"
"112-H-6061",112,"To amend the Social Security Act to ensure the continuation of services under the Work Incentives Planning and Assistance program and the Protection and Advocacy for Beneficiaries of Social Security program.",13,0,"working"
"112-H-6150",112,"To reauthorize appropriations for the National Women's Rights History Project Act.",2,0,"working"
"112-H-6207",112,"To provide for the establishment of the Task Force on Environmental Health Risks and Safety Risks to Children.",3,1,"working"
"112-H-625",112,"To ensure that the victims and victims' families of the November 5, 2009, attack at Fort Hood, Texas, receive the same treatment, benefits, and honors as those Americans who have been killed or wounded in a combat zone overseas and their families.",16,0,"working"
"112-H-637",112,"To amend the procedures regarding military recruiter access to secondary school student recruiting information.",6,0,"working"
"112-H-6383",112,"To designate the facility of the United States Postal Service located at 2825 Oak Lawn Avenue in Dallas, Texas, as the William H. 'Bill' Nelson Post Office Building.",20,0,"working"
"112-H-6432",112,"To implement the provisions of the Hague Agreement and the Patent Law Treaty.",15,0,"working"
"112-H-6514",112,"To require the Secretary of Health and Human Services to promulgate regulations regarding the authorship, content, format, and dissemination of Patient Medication Information to ensure patients receive consistent and high-quality information about their prescription medications and are aware of the potential risks and benefits of prescription medications.",3,1,"working"
"112-H-706",112,"To direct the Secretary of Energy to establish a pilot program to award grants and loan guarantees to hospitals to carry out projects for the purpose of reducing energy costs and increasing resilience to improve security.",8,0,"working"
"112-H-718",112,"To require the Commissioner of Social Security to revise the medical and evaluation criteria for determining disability in a person diagnosed with Huntington's Disease and to waive the 24-month waiting period for Medicare eligibility for individuals disabled by Huntington's Disease.",3,1,"working"
"112-H-735",112,"To preserve open competition and Federal Government neutrality towards the labor relations of Federal Government contractors on Federal and federally funded construction projects.",20,0,"working"
"112-H-743",112,"To amend the Internal Revenue Code of 1986 to allow the work opportunity credit to small businesses which hire individuals who are members of the Ready Reserve or National Guard.",16,0,"working"
"112-H-755",112,"To amend the Internal Revenue Code of 1986 to impose an excise tax on currency transactions.",1,0,"working"
"112-H-763",112,"To amend title 23, United States Code, with respect to vehicle weight limitations applicable to the Interstate System, and for other purposes.",10,0,"working"
"112-H-828",112,"To amend title 5, United States Code, to provide that persons having seriously delinquent tax debts shall be ineligible for Federal employment.",5,0,"working"
"112-H-871",112,"To amend the Internal Revenue Code of 1986 to make the credit for research activities permanent and to provide an increase in such credit for taxpayers whose gross receipts are predominantly from domestic production activities.",5,0,"working"
"112-H-961",112,"To amend title 18, United States Code, with respect to the prohibition on disrupting military funerals, and for other purposes.",16,0,"working"
"112-H-979",112,"To amend chapter 89 of title 5, United States Code, to ensure program integrity, transparency, and cost savings in the pricing and contracting of prescription drug benefits under the Federal Employees Health Benefits Program.",3,1,"working"
"112-H-99",112,"To amend the Internal Revenue Code of 1986 to reduce taxes by providing an alternative determination of income tax liability for individuals, repealing the estate and gift taxes, reducing corporate income tax rates, reducing the maximum tax for individuals on capital gains and dividends to 10 percent, indexing the basis of assets for purposes of determining capital gain or loss, creating tax-free accounts for retirement savings, lifetime savings, and life skills, repealing the adjusted gross income threshold in the medical care deduction for individuals under age 65 who have no employer health coverage, and for other purposes.",1,0,"working"
"112-S-1011",112,"A bill to improve the provisions relating to the privacy of electronic communications.",17,0,"working"
"112-S-1089",112,"A bill to provide for the introduction of pay-for-performance compensation mechanisms into contracts of the Department of Veterans Affairs with community-based outpatient clinics for the provision of health care services, and for other purposes.",3,1,"working"
"112-S-1115",112,"A bill to establish centers of excellence for green infrastructure, and for other purposes.",10,0,"working"
"112-S-115",112,"A bill to amend the Migratory Bird Treaty Act to authorize hunting under certain circumstances.",7,0,"working"
"112-S-1168",112,"A bill to authorize a national grant program for on-the-job training.",5,0,"working"
"112-S-1254",112,"An original bill to authorize appropriations for fiscal year 2012 for military activities of the Department of Defense, to prescribe military personnel strengths for such fiscal year, and for other purposes.",16,0,"working"
"112-S-1330",112,"A bill to amend the Internal Revenue Code of 1986 to provide a temporary payroll increase tax credit for certain employers.",5,0,"working"
"112-S-1367",112,"A bill to amend the Internal Revenue Code of 1986 to permit information sharing with respect to prison inmate information, and for other purposes.",12,0,"working"
"112-S-1434",112,"A bill to protect information relating to consumers, to require notice of security breaches, and for other purposes.",15,0,"working"
"112-S-1486",112,"A bill to amend title XVIII of the Social Security Act to clarify and expand on criteria applicable to patient admission to and care furnished in long-term care hospitals participating in the Medicare program, and for other purposes.",3,1,"working"
"112-S-1534",112,"A bill to prevent identity theft and tax fraud.",15,0,"working"
"112-S-1634",112,"A bill to amend title 38, United States Code, to improve the approval and disapproval of programs of education for purposes of educational benefits under laws administered by the Secretary of Veterans Affairs, and for other purposes.",6,0,"working"
"112-S-1657",112,"A bill to amend the provisions of law relating to sport fish restoration and recreational boating safety, and for other purposes.",7,0,"working"
"112-S-1671",112,"A bill to amend the Internal Revenue Code of 1986 to allow a temporary dividends received deduction for dividends received from a controlled foreign corporation.",1,0,"working"
"112-S-1793",112,"A bill to amend title 28, United States Code, to clarify the statutory authority for the longstanding practice of the Department of Justice of providing investigatory assistance on request of State and local authorities with respect to certain serious violent crimes, and for other purposes.",12,0,"working"
"112-S-1888",112,"A bill to amend the Food, Conservation, and Energy Act of 2008 to establish a program to provide loans for local farms, ranches, and market gardens to improve public health and nutrition, reduce energy consumption, and for other purposes.",4,0,"working"
"112-S-20",112,"A bill to protect American job creation by striking the job-killing Federal employer mandate.",5,0,"working"
"112-S-201",112,"A bill to clarify the jurisdiction of the Secretary of the Interior with respect to the C.C. Cragin Dam and Reservoir, and for other purposes.",21,0,"working"
"112-S-2038",112,"An original bill to prohibit Members of Congress and employees of Congress from using nonpublic information derived from their official positions for personal benefit, and for other purposes.",20,0,"working"
"112-S-2064",112,"A bill to amend the Internal Revenue Code of 1986 to terminate certain energy tax subsidies and lower the corporate income tax rate.",1,0,"working"
"112-S-2095",112,"A bill to ensure that individuals who are in an authorized job training program or completing work for a degree or certificate remain eligible for regular unemployment compensation.",5,0,"working"
"112-S-2197",112,"A bill to require the attorney for the Government to disclose favorable information to the defendant in criminal prosecutions brought by the United States, and for other purposes.",12,0,"working"
"112-S-2213",112,"A bill to allow reciprocity for the carrying of certain concealed firearms.",12,0,"working"
"112-S-2240",112,"A bill to amend the Internal Revenue Code of 1986 to extend the allowance for bonus depreciation for certain business assets.",1,0,"working"
"112-S-2273",112,"A bill to designate the Talkeetna Ranger Station in Talkeetna, Alaska, as the Walter Harper Talkeetna Ranger Station.",21,0,"working"
"112-S-2276",112,"A bill to permit Federal officers to remove cases involving crimes of violence to Federal court.",12,0,"working"
"112-S-2288",112,"A bill to amend title XXVII of the Public Health Service Act to preserve consumer and employer access to licensed independent insurance producers.",3,1,"working"
"112-S-2526",112,"A bill to suspend temporarily the duty on triflic anhydride.",18,0,"working"
"112-S-2637",112,"A bill to extend the temporary suspension of duty on C1-3 perfluoroalkyl perfluoromorpholine.",18,0,"working"
"112-S-2652",112,"A bill to suspend temporarily the duty on bicycle speedometer parts.",18,0,"working"
"112-S-2699",112,"A bill to suspend temporarily the duty on phosphorous sulfochloride.",18,0,"working"
"112-S-2703",112,"A bill to extend the temporary suspension of duty on 2-acetylbutyrolactone.",18,0,"working"
"112-S-274",112,"A bill to amend title XVIII of the Social Security Act to expand access to medication therapy management services under the Medicare prescription drug program.",3,1,"working"
"112-S-2885",112,"A bill to amend title 10, United States Code, to provide for the award of the Purple Heart to members of the Armed Forces who are killed or wounded in a terrorist attack perpetrated within the United States.",16,0,"working"
"112-S-2916",112,"A bill to extend the temporary suspension of duty on methyl salicylate.",18,0,"working"
"112-S-2989",112,"A bill to extend the temporary suspension of duty on oxiranemethanol, polymers with reduced methyl esters of reduced polymerized oxidized tetrafluoroethylene.",18,0,"working"
"112-S-3076",112,"A bill to amend title 11 of the United States Code to require the public disclosure by trusts established under section 524(g) of such title, of quarterly reports that contain detailed information regarding the receipt and disposition of claims for injuries based on exposure to asbestos, and the filing of such reports with the Executive Office for United States Trustees.",20,0,"working"
"112-S-3082",112,"A bill to amend title 38, United States Code, to establish the National Veterans Support Network to carry out activities to support and supplement the mission of the Department of Veterans Affairs, and for other purposes.",16,0,"working"
"112-S-3131",112,"A bill to suspend temporarily the duty on imdaziflam.",18,0,"working"
"112-S-3215",112,"An original bill making appropriations for military construction, the Department of Veterans Affairs, and related agencies for the fiscal year ending September 30, 2013, and for other purposes.",16,0,"working"
"112-S-3272",112,"A bill to improve access to oral health care for vulnerable and underserved populations.",3,1,"working"
"112-S-3324",112,"A bill to authorize the Secretary of Veterans Affairs to award grants to nonprofit organizations for the construction of facilities for temporary lodging in connection with the examination, treatment, or care of a veteran under laws administered by the Secretary of Veterans Affairs, and for other purposes.",14,0,"working"
"112-S-3417",112,"A bill to amend the Internal Revenue Code of 1986 to temporarily extend tax relief provisions enacted in 2001 and 2003, to provide for temporary alternative minimum tax relief, to extend increased expensing limitations, and to provide instructions for tax reform.",1,0,"working"
"112-S-349",112,"A bill to designate the facility of the United States Postal Service located at 4865 Tallmadge Road in Rootstown, Ohio, as the Marine Sgt. Jeremy E. Murray Post Office.",20,0,"working"
"112-S-3550",112,"A bill to amend the Higher Education Act of 1965 to protect students from deceptive practices and high-pressure sales by institutions of higher education, to provide a waiting period for students to make enrollment decisions, to guard against misrepresentation, to standardize and elevate institutional disclosures, and for other purposes.",6,0,"working"
"112-S-3622",112,"A bill to prohibit prescription drug price-gouging during states of market shortage.",3,1,"working"
"112-S-364",112,"A bill to amend the Internal Revenue Code of 1986 to establish a new Small Business Savings Account.",15,0,"working"
"112-S-53",112,"A bill to express the sense of the Senate concerning the establishment of Doctor of Nursing Practice and Doctor of Pharmacy dual degree programs.",3,1,"working"
"112-S-583",112,"A bill to amend title XVIII of the Social Security Act to permit direct payment under the Medicare program for clinical social worker services provided to residents of skilled nursing facilities.",3,1,"working"
"112-S-604",112,"A bill to amend title XVIII of the Social Security Act to provide for the coverage of marriage and family therapist services and mental health counselor services under part B of the Medicare program, and for other purposes.",3,1,"working"
"112-S-823",112,"A bill to permit aliens who lawfully enter the United States on valid visas as nonimmigrant elementary and secondary school students to attend public schools in the United States for longer than 1 year if such aliens reimburse the local educational agency that administers the school for the full, unsubsidized per capita cost of providing education at such school for the period of the alien's attendance.",9,0,"working"
"112-S-883",112,"A bill to authorize National Mall Liberty Fund D.C. to establish a memorial on Federal land in the District of Columbia to honor free persons and slaves who fought for independence, liberty, and justice for all during the American Revolution.",21,0,"working"
"112-S-897",112,"A bill to amend the Surface Mining Control and Reclamation Act of 1977 to clarify that uncertified States and Indian tribes have the authority to use certain payments for certain noncoal reclamation projects and acid mine remediation programs.",21,0,"working"
"113-HR-1014",113,"To amend the Balanced Budget and Emergency Deficit Control Act of 1985 to provide that military technicians (dual status) shall be included in military personnel accounts for purposes of any order issued under that Act.",1,0,"working"
"113-HR-1048",113,"To suspend temporarily the duty on Disperse Orange 73.",18,0,"working"
"113-HR-115",113,"To provide for grants from the Secretary of Education to State and local educational agencies for EnergySmart schools and Energy Star programs.",6,0,"working"
"113-HR-1170",113,"To direct the Secretary of the Interior, acting through the Bureau of Land Management and the Bureau of Reclamation, to convey, by quitclaim deed, to the City of Fernley, Nevada, all right, title, and interest of the United States, to any Federal land within that city that is under the jurisdiction of either of those agencies.",21,0,"working"
"113-HR-1239",113,"To amend part D of title XVIII of the Social Security Act to count the negotiated price of drugs provided free or at nominal charge under compassionate treatment programs towards incurred out-of-pocket costs.",3,1,"working"
"113-HR-1252",113,"To amend the Public Health Service Act to provide for the participation of physical therapists in the National Health Service Corps Loan Repayment Program, and for other purposes.",3,1,"working"
"113-HR-1423",113,"To provide taxpayers with an annual report disclosing the cost and performance of Government programs and areas of duplication among them, and for other purposes.",20,0,"working"
"113-HR-149",113,"To specify the priority of the obligations of the United States Government if the debt ceiling is reached.",1,0,"working"
"113-HR-1592",113,"To provide for the conveyance of the David W. Dyer Federal Building and United States Courthouse in Miami, Florida, to Miami Dade College in Miami Dade County, Florida.",20,0,"working"
"113-HR-1594",113,"To prohibit the use of Federal funds for the costs of official portraits of members of Congress, heads of executive agencies, or heads of offices of the legislative branch.",20,0,"working"
"113-HR-1627",113,"To amend the Investment Advisers Act of 1940 to require certain investment advisers to pay fees to help cover the costs of inspecting and examining investment advisers under such Act.",15,0,"working"
"113-HR-1662",113,"To amend chapter 171 of title 28, United States Code, and the Federal Flood Control Act of 1928 to provide for liability for the United States Army Corps of Engineers in cases of damage caused by the gross negligence of an officer or employee of the Corps.",21,0,"working"
"113-HR-1725",113,"To amend title 38, United States Code, to provide for unlimited eligibility for health care for mental illnesses for veterans of combat service during certain periods of hostilities and war.",3,1,"working"
"113-HR-1757",113,"To direct the Secretary of Health and Human Services to conduct or support a comprehensive study comparing total health outcomes, including risk of autism, in vaccinated populations in the United States with such outcomes in unvaccinated populations in the United States, and for other purposes.",3,1,"working"
"113-HR-1821",113,"To amend title XVIII of the Social Security Act to provide for patient protection by establishing safe nurse staffing levels at certain Medicare providers, and for other purposes.",3,1,"working"
"113-HR-1823",113,"To amend title 18, United States Code, to prohibit the importation or exportation of mussels of a certain genus, and for other purposes.",7,0,"working"
"113-HR-1838",113,"To amend title XIX of the Social Security Act to apply the Medicaid primary care payment rate to additional physician providers of primary care services.",3,1,"working"
"113-HR-194",113,"To clarify the applicability of the Buy American Act to products purchased for the use of the legislative branch, to prohibit the application of any of the exceptions to the requirements of such Act to products bearing an official Congressional insignia, and for other purposes.",18,0,"working"
"113-HR-1984",113,"To amend the Public Health Service Act to raise awareness of, and to educate breast cancer patients anticipating surgery, especially patients who are members of racial and ethnic minority groups, regarding the availability and coverage of breast reconstruction, prostheses, and other options.",3,1,"working"
"113-HR-2083",113,"To require State educational agencies that receive funding under the Elementary and Secondary Education Act of 1965 to have in effect policies and procedures on background checks for school employees.",6,0,"working"
"113-HR-2101",113,"To amend the Public Health Service Act with respect to eating disorders, and for other purposes.",3,1,"working"
"113-HR-2121",113,"To amend the Federal Crop Insurance Act to require annual disclosure of crop insurance premium subsidies in the public interest.",4,0,"working"
"113-HR-2150",113,"To amend title 38, United States Code, to provide for a five-year extension to the homeless veterans reintegration programs.",14,0,"working"
"113-HR-2302",113,"To amend title XVIII of the Social Security Act to strengthen and protect Medicare hospice programs.",3,1,"working"
"113-HR-2422",113,"To award a Congressional Gold Medal to Sally K. Ride in recognition of her exemplary service as an astronaut, physicist, and science education advocate.",20,0,"working"
"113-HR-2446",113,"To replace the Director of the Bureau of Consumer Financial Protection with a five person Commission.",15,0,"working"
"113-HR-2460",113,"To amend the Small Business Act to provide for the establishment of the Ports as Small Business Incubators Program to provide eligible small businesses with access to commercial real property, and for other purposes.",15,0,"working"
"113-HR-2463",113,"To amend the Pittman-Robertson Wildlife Restoration Act to facilitate the establishment of additional or expanded public target ranges in certain States.",7,0,"working"
"113-HR-2516",113,"To establish dual language education programs in low-income communities.",6,0,"working"
"113-HR-252",113,"To recognize Jerusalem as the capital of Israel, to relocate to Jerusalem the United States Embassy in Israel, and for other purposes.",20,0,"working"
"113-HR-2539",113,"To amend the Internal Revenue Code of 1986 to extend certain provisions of the renewable energy credit, and for other purposes.",8,0,"working"
"113-HR-2576",113,"To amend title 49, United States Code, to modify requirements relating to the availability of pipeline safety regulatory documents, and for other purposes.",8,0,"working"
"113-HR-2600",113,"To amend the Interstate Land Sales Full Disclosure Act to clarify how the Act applies to condominiums.",15,0,"working"
"113-HR-2663",113,"To amend the Congressional Budget Act of 1974 respecting the scoring of preventive health savings.",3,1,"working"
"113-HR-2695",113,"To amend the Balanced Budget and Emergency Deficit Control Act of 1985 to exempt from sequestration the public and Indian housing programs of the Department of Housing and Urban Development.",1,0,"working"
"113-HR-2739",113,"To require the reallocation and auction for commercial use of the electromagnetic spectrum between the frequencies from 1755 megahertz to 1780 megahertz.",17,0,"working"
"113-HR-2809",113,"To delay the application of the Patient Protection and Affordable Care Act.",3,1,"working"
"113-HR-2867",113,"To amend title XVIII of the Social Security Act to provide for the recognition of attending physician assistants as attending physicians to serve hospice patients.",3,1,"working"
"113-HR-2900",113,"To repeal the Patient Protection and Affordable Care Act and the Health Care and Education Reconciliation Act of 2010; to amend the Internal Revenue Code of 1986 to repeal the percentage floor on medical expense deductions, expand the use of tax-preferred health care accounts, and establish a charity care credit; to amend the Social Security Act to create a Medicare Premium Assistance Program, reform EMTALA requirements, and to replace the Medicaid program and the Childrens Health Insurance program with a block grant to the States; to amend the Public Health Service Act to provide for cooperative governing of individual and group health insurance coverage offered in interstate commerce; and for other purposes.",3,1,"working"
"113-HR-2914",113,"To prevent abusive billing of ancillary services to the Medicare program, and for other purposes.",3,1,"working"
"113-HR-3146",113,"To take steps to reduce the deficit of the Federal Government.",1,0,"working"
"113-HR-3210",113,"Making continuing appropriations for military pay in the event of a Government shutdown.",1,0,"working"
"113-HR-3499",113,"To provide for advance appropriations for certain information technology accounts of the Department of Veterans Affairs, to include mental health professionals in training programs of the Department, and for other purposes.",3,1,"working"
"113-HR-3565",113,"To amend the Department of Energy Organization Act to establish a biennial commission to develop a comprehensive energy policy for the United States.",8,0,"working"
"113-HR-369",113,"To amend title 38, United States Code, to establish a presumption of service connection for certain veterans with tinnitus or hearing loss.",3,1,"working"
"113-HR-3691",113,"To amend title 10, United States Code, to require additional disclosures when lending to military members and their dependents, and for other purposes.",16,0,"working"
"113-HR-3786",113,"To direct the Administrator of General Services, on behalf of the Archivist of the United States, to convey certain Federal property located in the State of Alaska to the Municipality of Anchorage, Alaska.",20,0,"working"
"113-HR-3828",113,"To require the Secretary of Labor, in consultation with the Secretary of Health and Human Services, to draft disclosures describing the rights and liabilities of customers of domestic care services and require that such services provide such disclosures to customers in any contract for such services.",3,1,"working"
"113-HR-3878",113,"To require the National Telecommunications and Information Administration to update a report on the role of telecommunications, including the Internet, on the commission of hate crimes.",17,0,"working"
"113-HR-3898",113,"To prohibit students who have been convicted of a criminal hazing offense under State law from receiving assistance under title IV of the Higher Education Act of 1965.",6,0,"working"
"113-HR-4002",113,"To revoke the charter of incorporation of the Miami Tribe of Oklahoma at the request of that tribe, and for other purposes.",21,0,"working"
"113-HR-4106",113,"To provide for the development and dissemination of clinical practice guidelines and the establishment of a right of removal to Federal courts for defendants in medical malpractice actions involving a Federal payor, and for other purposes.",3,1,"working"
"113-HR-4115",113,"To direct the Secretary of Transportation to temporarily waive certain vehicle weight limits for covered logging vehicles, and for other purposes.",10,0,"working"
"113-HR-4135",113,"To clarify the standard required for the importation of sporting arms into the United States, and for other purposes.",12,0,"working"
"113-HR-4211",113,"To require the Comptroller General of the United States to conduct studies on enrollment by racial and ethnic minorities and by low-income seniors in the Medicare Advantage program.",3,1,"working"
"113-HR-4338",113,"To amend title 49, United States Code, to require gas pipeline facilities to accelerate the repair, rehabilitation, and replacement of high-risk pipelines used in commerce, and for other purposes.",8,0,"working"
"113-HR-4394",113,"To prohibit the awarding of contracts to contractors responsible for delayed openings of Veterans Affairs facilities.",20,0,"working"
"113-HR-443",113,"To increase the statutory limit on the public debt by $1 trillion upon the adoption by Congress of a balanced budget Constitutional amendment and by an additional $1 trillion upon ratification by the States of that amendment.",1,0,"working"
"113-HR-4574",113,"To maximize the access of individuals with mental illness to community-based services, to strengthen the impact of such services, and for other purposes.",3,1,"working"
"113-HR-4682",113,"To provide for coordination between the TRICARE program and eligibility for making contributions to a health savings account.",3,1,"working"
"113-HR-4853",113,"To amend title XVIII of the Social Security Act to allow individuals to elect to receive the Medicare Summary Notice electronically, and for other purposes.",3,1,"working"
"113-HR-4867",113,"To provide for certain land to be taken into trust for the benefit of Morongo Band of Mission Indians, and for other purposes.",21,0,"working"
"113-HR-4932",113,"To establish a fund consisting of donations from private industry to provide financial support for unemployed individuals to obtain information technology certifications.",5,0,"working"
"113-HR-495",113,"To make the Internal Revenue Service Free File Program permanent.",20,0,"working"
"113-HR-4957",113,"To amend the Clean Air Act with respect to exceptional event demonstrations, and for other purposes.",7,0,"working"
"113-HR-4980",113,"To prevent and address sex trafficking of children in foster care, to extend and improve adoption incentives, and to improve international child support recovery.",12,0,"working"
"113-HR-5022",113,"To amend title 38, United States Code, to improve dental health care for veterans, and for other purposes.",3,1,"working"
"113-HR-507",113,"To provide for the conveyance of certain land inholdings owned by the United States to the Pascua Yaqui Tribe of Arizona, and for other purposes.",21,0,"working"
"113-HR-5146",113,"To designate the United States courthouse located at 700 Grant Street in Pittsburgh, Pennsylvania, as the Joseph F. Weis Jr. United States Courthouse.",20,0,"working"
"113-HR-523",113,"To amend the Internal Revenue Code of 1986 to repeal the excise tax on medical devices.",3,1,"working"
"113-HR-5254",113,"To appropriately limit the authority to award bonuses to employees.",20,0,"working"
"113-HR-5331",113,"To designate the facility of the United States Postal Service located at 73839 Gorgonio Drive in Twentynine Palms, California, as the Colonel M.J. Mac Dube, USMC Post Office Building.",20,0,"working"
"113-HR-5393",113,"To amend title XVIII of the Social Security Act to provide for required Medicare hospice program surveys, and for other purposes.",3,1,"working"
"113-HR-5394",113,"To provide for the elimination of the Department of Education, and for other purposes.",6,0,"working"
"113-HR-5434",113,"To suspend the visa waiver program in order for the Comptroller General of the United States to assess the national security risks posed by the program, and for other purposes.",9,0,"working"
"113-HR-5495",113,"To prohibit the Federal Housing Finance Agency from reducing or limiting the multifamily housing business of the Federal National Mortgage Association and the Federal Home Loan Mortgage Corporation.",14,0,"working"
"113-HR-5650",113,"To grant a Federal charter to the National Academy of Inventors.",15,0,"working"
"113-HR-5679",113,"To clarify the ownership of crude oil produced within the jurisdiction of the Kurdistan Regional Government of Iraq and to authorize the President to provide defense articles and defense services to the Kurdistan Regional Government of Iraq.",16,0,"working"
"113-HR-5681",113,"To provide for the approval of the Amendment to the Agreement Between the Government of the United States of America and the Government of the United Kingdom of Great Britain and Northern Ireland for Cooperation on the Uses of Atomic Energy for Mutual Defense Purposes.",16,0,"working"
"113-HR-5772",113,"To amend section 552a of title 5, United States Code, to unequivocally authorize an award of provable damages, including damages that are not pecuniary damages.",2,0,"working"
"113-HR-5847",113,"To abolish civil asset forfeiture to the Federal Government.",12,0,"working"
"113-HR-5875",113,"To amend the Internal Revenue Code of 1986 to encourage retirement savings by modifying requirements with respect to employer-established IRAs, and for other purposes.",5,0,"working"
"113-HR-733",113,"To amend title 38, United States Code, to provide certain employees of Members of Congress and certain employees of State or local governmental agencies with access to case-tracking information of the Department of Veterans Affairs.",16,0,"working"
"113-HR-79",113,"To amend title XIX of the Social Security Act to increase the Federal medical assistance percentage for the territories.",3,1,"working"
"113-HR-81",113,"To amend subtitle B of title I of the Patient Protection and Affordable Care Act to extend the temporary high-risk insurance pool program to the territories.",3,1,"working"
"113-HR-834",113,"To direct the Secretary of Veterans Affairs to conduct cost-benefit analyses for the provision of medical care by the Department of Veterans Affairs in certain geographic areas served by multiple Department of Veterans Affairs medical facilities.",3,1,"working"
"113-HR-914",113,"To amend title 10, United States Code, to require that implementation of the repeal of the former Department of Defense policy concerning homosexual behavior in the Armed Forces not infringe upon the free exercise of religion by and the rights of conscience of members of the Armed Forces, including chaplains, and for other purposes.",2,0,"working"
"113-HR-930",113,"To authorize the Secretary of the Interior to conduct a special resource study of the archeological site and surrounding land of the New Philadelphia town site in the State of Illinois, and for other purposes.",21,0,"working"
"113-S-1000",113,"A bill to require the Director of the Office of Management and Budget to prepare a crosscut budget for restoration activities in the Chesapeake Bay watershed, and for other purposes.",7,0,"working"
"113-S-1055",113,"A bill to authorize the Secretary of Education to establish the National Program for Arts and Technology.",6,0,"working"
"113-S-1154",113,"A bill to provide that certain requirements of the Patient Protection and Affordable Care Act do not apply if the American Health Benefit Exchanges are not operating on October 1, 2013.",3,1,"working"
"113-S-116",113,"A bill to revise and extend provisions under the Garrett Lee Smith Memorial Act.",3,1,"working"
"113-S-1201",113,"A bill to restrict funds related to escalating United States military involvement in Syria.",19,0,"working"
"113-S-1306",113,"A bill to amend the Elementary and Secondary Education Act of 1965 in order to improve environmental literacy to better prepare students for postsecondary education and careers, and for other purposes.",6,0,"working"
"113-S-1357",113,"A bill to extend the trade adjustment assistance program.",18,0,"working"
"113-S-1368",113,"A bill to facilitate nationwide availability of volunteer income tax assistance for low-income and underserved populations, and for other purposes.",13,0,"working"
"113-S-1579",113,"A bill to amend the Servicemembers Civil Relief Act to improve the protections provided to members of the uniformed services and their families, and for other purposes.",16,0,"working"
"113-S-1639",113,"A bill to amend the FAA Modernization and Reform Act of 2012 to provide guidance and limitations regarding the integration of unmanned aircraft systems into United States airspace, and for other purposes.",10,0,"working"
"113-S-1685",113,"A bill to amend the Public Health Service Act and the Social Security Act to extend health information technology assistance eligibility to behavioral health, mental health, and substance abuse professionals and facilities, and for other purposes.",3,1,"working"
"113-S-1751",113,"A bill to improve authorities for performance of medical disabilities examinations by contract physicians for benefits under laws administered by the Secretary of Veterans Affairs, and for other purposes.",3,1,"working"
"113-S-1865",113,"A bill to amend the prices set for Federal Migratory Bird Hunting and Conservation Stamps and make limited waivers of stamp requirements for certain users.",7,0,"working"
"113-S-1881",113,"A bill to expand sanctions imposed with respect to Iran and to impose additional sanctions with respect to Iran, and for other purposes.",19,0,"working"
"113-S-1916",113,"A bill to amend the Dodd-Frank Wall Street Reform and Consumer Protection Act to provide for an application process for interested parties to apply for a county to be designated as a rural area, and for other purposes.",15,0,"working"
"113-S-1923",113,"A bill to amend the Securities Exchange Act of 1934 to exempt from registration brokers performing services in connection with the transfer of ownership of smaller privately held companies.",15,0,"working"
"113-S-195",113,"A bill to amend the Public Health Service Act to revise and extend projects relating to children and violence to provide access to school-based comprehensive mental health programs.",3,1,"working"
"113-S-1993",113,"A bill to protect individuals who are eligible for increased pension under laws administered by the Secretary of Veterans Affairs on the basis of need of regular aid and attendance from dishonest, predatory, or otherwise unlawful practices, and for other purposes.",16,0,"working"
"113-S-1994",113,"A bill to amend title 10, United States Code, to provide for the availability of breastfeeding support, supplies, and counseling under the TRICARE program.",3,1,"working"
"113-S-2027",113,"A bill to authorize an additional district judgeship for the district of Idaho.",12,0,"working"
"113-S-2069",113,"A bill to amend the Internal Revenue Code of 1986 to expand and modify the credit for employee health insurance expenses of small employers.",3,1,"working"
"113-S-2094",113,"A bill to provide for the establishment of nationally uniform and environmentally sound standards governing discharges incidental to the normal operation of a vessel.",10,0,"working"
"113-S-2168",113,"A bill to amend the Internal Revenue Code of 1986 to modify the definition of large employer for purposes of applying the employer mandate.",3,1,"working"
"113-S-2170",113,"A bill to free the private sector to harness domestic energy resources to create jobs and generate economic growth by removing statutory and administrative barriers.",8,0,"working"
"113-S-2186",113,"A bill to amend title XVIII of the Social Security Act to provide for a minimum Medicare payment rate for primary care services furnished by primary care physicians.",3,1,"working"
"113-S-2207",113,"A bill to amend the Federal Election Campaign Act of 1971 to require all political committees to notify the Federal Election Commission within 48 hours of receiving cumulative contributions of $1,000 or more from any contributor during a calendar year, and for other purposes.",20,0,"working"
"113-S-2212",113,"A bill to amend the Consumer Financial Protection Act of 2010 to strengthen the review authority of the Financial Stability Oversight Council of regulations issued by the Bureau of Consumer Financial Protection, and for other purposes.",15,0,"working"
"113-S-2233",113,"A bill to provide tax relief for major disaster areas declared in 2012 and 2013 and for other purposes.",15,0,"working"
"113-S-2258",113,"A bill to provide for an increase, effective December 1, 2014, in the rates of compensation for veterans with service-connected disabilities and the rates of dependency and indemnity compensation for the survivors of certain disabled veterans, and for other purposes.",16,0,"working"
"113-S-2371",113,"A bill to amend the Congressional Budget Act of 1974 to provide for macroeconomic analysis of the impact of major revenue legislation.",1,0,"working"
"113-S-2406",113,"A bill to amend title XII of the Public Health Service Act to expand the definition of trauma to include thermal, electrical, chemical, radioactive, and other extrinsic agents.",3,1,"working"
"113-S-2408",113,"A bill to authorize the exploration, leasing, development, and production of oil and gas in and from the western portion of the Coastal Plain of the State of Alaska without surface occupancy, and for other purposes.",8,0,"working"
"113-S-2450",113,"A bill to improve the access of veterans to medical services from the Department of Veterans Affairs, and for other purposes.",3,1,"working"
"113-S-2462",113,"A bill to amend the Internal Revenue Code of 1986 to exempt certain educational institutions from the employer health insurance mandate.",3,1,"working"
"113-S-2568",113,"A bill to amend the Internal Revenue Code of 1986 to increase the contribution limit for Coverdell education savings accounts from $2,000 to $5,000, and for other purposes.",6,0,"working"
"113-S-2623",113,"A bill to prohibit land management modifications relating to the Lesser Prairie Chicken.",7,0,"working"
"113-S-2632",113,"A bill to provide for the expedited processing of unaccompanied alien children illegally entering the United States, and for other purposes.",9,0,"working"
"113-S-2681",113,"A bill to amend the Internal Revenue Code of 1986 to provide incentives for businesses to keep jobs in the United States.",18,0,"working"
"113-S-2767",113,"A bill to prohibit the fraudulent transfer of custody of unaccompanied alien children.",19,0,"working"
"113-S-279",113,"A bill to promote the development of renewable energy on public land, and for other purposes.",8,0,"working"
"113-S-2909",113,"A bill to authorize a comprehensive strategic approach for United States foreign assistance to developing countries to end extreme global poverty and hunger, achieve food and nutrition security, promote endurable, long-term, agricultural-led economic growth, improve nutritional outcomes, especially for women and children, build resilient, adaptive, local capacity of vulnerable populations, and for other related purposes.",19,0,"working"
"113-S-2975",113,"A bill to amend title XVIII of the Social Security Act to require State licensure and bid surety bonds for entities submitting bids under the Medicare durable medical equipment, prosthetics, orthotics, and supplies (DMEPOS) competitive acquisition program, and for other purposes.",3,1,"working"
"113-S-3009",113,"A bill to improve end-of-life care.",3,1,"working"
"113-S-315",113,"A bill to reauthorize and extend the Paul D. Wellstone Muscular Dystrophy Community Assistance, Research, and Education Amendments of 2008.",6,0,"working"
"113-S-369",113,"A bill to amend title 18, United States Code, to prohibit taking minors across State lines in circumvention of laws requiring the involvement of parents in abortion decisions.",2,0,"working"
"113-S-405",113,"A bill to provide for media coverage of Federal court proceedings.",12,0,"working"
"113-S-504",113,"A bill to amend the Federal Food, Drug, and Cosmetic Act to ensure that valid generic drugs may enter the market.",3,1,"working"
"113-S-516",113,"A bill to reduce disparities and improve access to effective and cost efficient diagnosis and treatment of prostate cancer through advances in testing, research, and education, including through telehealth, comparative effectiveness research, and identification of best practices in patient education and outreach particularly with respect to underserved racial, ethnic and rural populations and men with a family history of prostate cancer, to establish a directive on what constitutes clinically appropriate prostate cancer imaging, and to create a prostate cancer scientific advisory board for the Office of the Chief Scientist at the Food and Drug Administration to accelerate real-time sharing of the latest research and accelerate movement of new medicines to patients.",3,1,"working"
"113-S-526",113,"A bill to amend the Internal Revenue Code of 1986 to make permanent the special rule for contributions of qualified conservation contributions, and for other purposes.",7,0,"working"
"113-S-560",113,"A bill to provide that the individual mandate under the Patient Protection and Affordable Care Act shall not be construed as a tax.",3,1,"working"
"113-S-575",113,"A bill to amend title 28, United States Code, to provide an Inspector General for the judicial branch, and for other purposes.",12,0,"working"
"113-S-662",113,"A bill to reauthorize trade facilitation and trade enforcement functions and activities, and for other purposes.",18,0,"working"
"113-S-836",113,"A bill to amend the Internal Revenue Code of 1986 to strengthen the earned income tax credit and make permanent certain tax provisions under the American Recovery and Reinvestment Act of 2009.",13,0,"working"
"113-S-85",113,"A bill to provide incentives for States to invest in practices and technology that are designed to expedite voting at the polls and to simplify voter registration.",2,0,"working"
"113-S-885",113,"A bill to designate the facility of the United States Postal Service located at 35 Park Street in Danville, Vermont, as the Thaddeus Stevens Post Office.",20,0,"working"
"114-HR-1106",114,"To amend section 706 of the Telecommunications Act of 1996 to provide that such section does not authorize the Federal Communications Commission to preempt the laws of certain States relating to the regulation of municipal broadband, and for other purposes.",17,0,"working"
"114-HR-1263",114,"To amend the Consumer Financial Protection Act of 2010 to strengthen the review authority of the Financial Stability Oversight Council of regulations issued by the Bureau of Consumer Financial Protection, and for other purposes.",15,0,"working"
"114-HR-1291",114,"To improve highway-rail grade crossing safety, and for other purposes.",10,0,"working"
"114-HR-1373",114,"To require the Secretary of Health and Human Services to consider, within the annual rulemaking processes, the effect of regulatory changes to certain Medicare payment systems on provider consolidation.",3,1,"working"
"114-HR-1497",114,"To amend title 31, United States Code, to require reporting by the Secretary of the Treasury of reduction measures being used to avoid defaulting on Government obligations in the event that the debt limit is reached, and for other purposes.",1,0,"working"
"114-HR-1547",114,"To amend the Internal Revenue Code of 1986 to repeal certain limitations on health care benefits enacted as part of the Patient Protection and Affordable Care Act.",3,1,"working"
"114-HR-1566",114,"To improve security at State and local courthouses.",12,0,"working"
"114-HR-160",114,"To amend the Internal Revenue Code of 1986 to repeal the excise tax on medical devices.",3,1,"working"
"114-HR-1612",114,"To amend the Intermodal Surface Transportation Efficiency Act of 1991 to extend Interstate Route 11.",10,0,"working"
"114-HR-1636",114,"To direct the Secretary of Health and Human Services to conduct or support a comprehensive study comparing total health outcomes, including risk of autism, in vaccinated populations in the United States with such outcomes in unvaccinated populations in the United States, and for other purposes.",3,1,"working"
"114-HR-1643",114,"To promote neutrality, simplicity, and fairness in the taxation of digital goods and digital services.",17,0,"working"
"114-HR-1734",114,"To amend subtitle D of the Solid Waste Disposal Act to encourage recovery and beneficial use of coal combustion residuals and establish requirements for the proper management and disposal of coal combustion residuals that are protective of human health and the environment.",8,0,"working"
"114-HR-1738",114,"To amend the Homeland Security Act of 2002 to direct the Secretary of Homeland Security to modernize and implement the national integrated public alert and warning system to disseminate homeland security information and other information, and for other purposes.",16,0,"working"
"114-HR-1744",114,"To designate the Federal building and United States courthouse located at 1300 Victoria Street in Laredo, Texas, as the """"""""""""""""""""""""""""""""""""""""""""""""""""""""""""""""""""""""""""""""""""""""""""""""""""""""""""""""""""""""""""""""George P. Kazen Federal Building and United States Courthouse"""""""""""""""""""""""""""""""""""""""""""""""""""""""""""""""""""""""""""""""""""""""""""""""""""""""""""""""""""""""""""""""", and to designate the jury room in that Federal building and United States courthouse as the """"""""""""""""""""""""""""""""""""""""""""""""""""""""""""""""""""""""""""""""""""""""""""""""""""""""""""""""""""""""""""""""Marcel C. Notzon II Jury Room"""""""""""""""""""""""""""""""""""""""""""""""""""""""""""""""""""""""""""""""""""""""""""""""""""""""""""""""""""""""""""""""".",20,0,"working"
"114-HR-1802",114,"To promote energy efficiency.",8,0,"working"
"114-HR-1909",114,"To require the Secretary of Veterans Affairs to use existing authorities to furnish health care at non-Department of Veterans Affairs facilities to veterans who live more than 40 miles driving distance from the closest medical facility of the Department that furnishes the care sought by the veteran.",3,1,"working"
"114-HR-1953",114,"To require members of Congress and congressional staff to abide by the Patient Protection and Affordable Care Act with respect to health insurance coverage, and for other purposes.",3,1,"working"
"114-HR-1996",114,"To amend title II of the Social Security Act to prohibit the assignment of social security account numbers to certain individuals seeking employment in the United States, and for other purposes.",2,0,"working"
"114-HR-2067",114,"To amend title 10, United States Code, to provide for the award of a military service medal to members of the Armed Forces who served honorably during the Cold War, and for other purposes.",16,0,"working"
"114-HR-2238",114,"To amend the Internal Revenue Code of 1986 to remove bond requirements and extend filing periods for certain taxpayers with limited excise tax liability.",1,0,"working"
"114-HR-2258",114,"To amend section 320301 of title 54, United States Code, to modify the authority of the President of the United States to declare national monuments, and for other purposes.",21,0,"working"
"114-HR-2290",114,"To amend the Volunteer Organization Protection Act of 1997, to provide for liability protection for organizations or entities.",13,0,"working"
"114-HR-2304",114,"To amend title 28, United States Code, to create a special motion to dismiss strategic lawsuits against public participation (SLAPP suits).",12,0,"working"
"114-HR-2322",114,"To reduce costs of Federal real estate, improve building security, and for other purposes.",20,0,"working"
"114-HR-2325",114,"To amend title XVIII of the Social Security Act to provide for a pharmaceutical and technology ombudsman under the Medicare program.",3,1,"working"
"114-HR-2420",114,"To reduce administrative burdens on researchers.",17,0,"working"
"114-HR-243",114,"To direct the Administrator of the Environmental Protection Agency to publish a health advisory and submit reports with respect to Microcystins in drinking water.",7,0,"working"
"114-HR-2546",114,"To prohibit the sale of a firearm to, and the purchase of a firearm by, a person who is not covered by appropriate liability insurance coverage.",12,0,"working"
"114-HR-2567",114,"To posthumously award the Congressional Gold Medal to each of Glen Doherty, Tyrone Woods, J. Christopher Stevens, and Sean Smith in recognition of their contributions to the Nation.",20,0,"working"
"114-HR-2574",114,"To amend the Fair Minimum Wage Act of 2007 to stop a scheduled increase in the minimum wage applicable to American Samoa and to provide that any future increases in such minimum wage shall be determined by the government of American Samoa.",21,0,"working"
"114-HR-2650",114,"To restore equity, save coverage, and undo errors in the case of individuals who lose health insurance subsidies under King v. Burwell, and other individuals, and for other purposes.",3,1,"working"
"114-HR-2743",114,"To reauthorize the Hydrographic Services Improvement Act of 1998, and for other purposes.",10,0,"working"
"114-HR-2776",114,"To direct the Secretary of Transportation to issue regulations with respect to the size standards certain air carriers utilize for carry-on baggage, and for other purposes.",10,0,"working"
"114-HR-2789",114,"To amend the Internal Revenue Code of 1986 to modify S corporation shareholder and preferred stock rules with respect to banks.",15,0,"working"
"114-HR-2879",114,"To include Livingston County, the city of Jonesboro in Union County, and the city of Freeport in Stephenson County, Illinois, to the Lincoln National Heritage Area, and for other purposes.",21,0,"working"
"114-HR-3006",114,"To amend the Internal Revenue Code of 1986 to improve health savings accounts, and for other purposes.",3,1,"working"
"114-HR-3036",114,"To designate the National September 11 Memorial located at the World Trade Center site in New York City, New York, as a national memorial, and for other purposes.",21,0,"working"
"114-HR-305",114,"To amend the Internal Revenue Code of 1986 to provide for the taxation of income of controlled foreign corporations attributable to imported property.",18,0,"working"
"114-HR-3100",114,"To prohibit conditioning health care provider licensure on participation in a health plan or the meaningful use of electronic health records.",3,1,"working"
"114-HR-312",114,"To amend the Defense Base Act (42 U.S.C. 1651 et seq.) to require death benefits to be paid to a deceased employee's designated beneficiary or next of kin in the case of death resulting from a war-risk hazard or act of terrorism occurring on or after September 11, 2001.",19,0,"working"
"114-HR-3171",114,"To amend the Public Health Service Act to prohibit certain research on the transplantation of human fetal tissue obtained pursuant to an abortion.",2,0,"working"
"114-HR-3213",114,"To amend the Internal Revenue Code of 1986 to make 100 percent bonus depreciation permanent.",15,0,"working"
"114-HR-3348",114,"To direct the Attorney General to create a special reward program for individuals providing information leading to the apprehension and conviction of persons committing offenses under section 1030 of title 18, United States Code, and for other purposes.",12,0,"working"
"114-HR-3440",114,"To direct the Department of Energy to support fusion energy innovation, and for other purposes.",8,0,"working"
"114-HR-3463",114,"To amend title XXVII of the Public Health Service Act to clarify the treatment of pediatric dental coverage in the individual and group markets outside of Exchanges established under the Patient Protection and Affordable Care Act, and for other purposes.",3,1,"working"
"114-HR-3473",114,"To amend title 49, United States Code, to prohibit limitations on certain grants due to standards for covered farm vehicles and drivers, and for other purposes.",4,0,"working"
"114-HR-3519",114,"To establish pilot programs to encourage the use of shared appreciation mortgage modifications, and for other purposes.",15,0,"working"
"114-HR-3564",114,"To prohibit Federal interference with the interstate traffic of unpasteurized milk and milk products that are packaged for direct human consumption.",4,0,"working"
"114-HR-3572",114,"To amend the Homeland Security Act of 2002 to reform, streamline, and make improvements to the Department of Homeland Security and support the Department's efforts to implement better policy, planning, management, and performance, and for other purposes.",16,0,"working"
"114-HR-3609",114,"To amend title XVIII of the Social Security Act to modify requirements for payment under the Medicare program for ambulance services furnished by critical access hospitals, and for other purposes.",3,1,"working"
"114-HR-3648",114,"To amend the Federal Food, Drug, and Cosmetic Act to require the label of drugs intended for human use to contain a parenthetical statement identifying the source of any ingredient constituting or derived from a grain or starch-containing ingredient.",3,1,"working"
"114-HR-3712",114,"To amend title XVIII of the Social Security Act to improve access to mental health services under the Medicare program.",3,1,"working"
"114-HR-3731",114,"To establish a Rare Disease Therapeutics Corporation to encourage the development of high-risk, high-return therapies for rare diseases, and for other purposes.",3,1,"working"
"114-HR-3742",114,"To amend the Patient Protection and Affordable Care Act to allow for certain third party payments.",3,1,"working"
"114-HR-3881",114,"To amend the Mineral Leasing Act to repeal provisions relating only to the Allegheny National Forest.",21,0,"working"
"114-HR-3889",114,"To require certain practitioners authorized to prescribe controlled substances to complete continuing education.",3,1,"working"
"114-HR-3983",114,"To provide for a report on the role of incubators and accelerators in the commercialization of federally funded research and regional economic development.",17,0,"working"
"114-HR-4028",114,"To amend the Individuals with Disabilities Education Act to direct the Secretary to provide additional funds to States to establish and make disbursements from high cost funds.",13,0,"working"
"114-HR-4059",114,"To amend title XVIII of the Social Security Act to encourage Medicare beneficiaries to voluntarily adopt advance directives guiding the medical care they receive.",3,1,"working"
"114-HR-4164",114,"To prohibit certain Federal agencies from using or purchasing certain firearms, and for other purposes.",12,0,"working"
"114-HR-4300",114,"To improve the Federal flight deck officers program, and for other purposes.",16,0,"working"
"114-HR-4304",114,"To direct the Department of Labor to conduct a study on residual contamination of workers at certain facilities related to the Department of Energy's processing and production of materials that emit radiation.",8,0,"working"
"114-HR-4306",114,"To make permanent the Advisory Committee on Minority Veterans.",16,0,"working"
"114-HR-4352",114,"To direct the Secretary of Veterans Affairs to carry out a pilot program establishing a patient self-scheduling appointment system, and for other purposes.",3,1,"working"
"114-HR-4493",114,"To amend title 10, United States Code, to provide a one-year extension of the special survivor indemnity allowance provided to widows and widowers of deceased members of the Armed Forces affected by required Survivor Benefit Plan annuity offset for dependency and indemnity compensation received under section 1311(a) of title 38, United States Code.",16,0,"working"
"114-HR-4586",114,"To amend the Public Health Service Act to authorize grants to States for developing standing orders and educating health care professionals regarding the dispensing of opioid overdose reversal medication without person-specific prescriptions, and for other purposes.",3,1,"working"
"114-HR-4598",114,"To amend the Immigration and Nationality Act to improve the H-1B visa program, to repeal the diversity visa lottery program, and for other purposes.",9,0,"working"
"114-HR-4661",114,"To amend the Higher Education Act of 1965 to include Parent PLUS loans in income-contingent and income-based repayment plans, and for other purposes.",6,0,"working"
"114-HR-471",114,"To improve enforcement efforts related to prescription drug diversion and abuse, and for other purposes.",12,0,"working"
"114-HR-4796",114,"To amend title 10, United States Code, to specify a minimum number of days of parental leave available for a member of the Armed Forces in connection with the birth of a child of the member or in connection with the adoption or foster care of a child by the member.",5,0,"working"
"114-HR-489",114,"To require States to report information on Medicaid payments to abortion providers.",2,0,"working"
"114-HR-531",114,"To prioritize funding for the National Institutes of Health to discover treatments and cures, to maintain global leadership in medical innovation, and to restore the purchasing power the NIH had after the historic doubling campaign that ended in fiscal year 2003.",3,1,"working"
"114-HR-59",114,"To provide for a reduction in the amount that may be awarded to a unit of local government under subpart 1 of part E of title I of the Omnibus Crime Control and Safe Streets Act of 1968 (42 U.S.C. 3750 et seq.) for a unit of local government that funds an amount that is greater than 18 percent of its operating budget using revenue generated from collecting fines and other fees related to violations of traffic laws, and for other purposes.",12,0,"working"
"114-HR-642",114,"To amend title 38, United States Code, to provide for the eligibility for beneficiary travel for veterans seeking treatment or care for military sexual trauma in specialized outpatient or residential programs at facilities of the Department of Veterans Affairs, and for other purposes.",16,0,"working"
"114-HR-644",114,"An act to reauthorize trade facilitation and trade enforcement functions and activities, and for other purposes.",13,0,"working"
"114-HR-683",114,"To prohibit the Internal Revenue Service from hiring new employees to enforce any provision of the Patient Protection and Affordable Care Act or the Health Care and Education Reconciliation Act of 2010.",3,1,"working"
"114-HR-696",114,"To amend part B of title XVIII of the Social Security Act to exclude customary prompt pay discounts from manufacturers to wholesalers from the average sales price for drugs and biologicals under Medicare, and for other purposes.",3,1,"working"
"114-HR-741",114,"To amend the Internal Revenue Code of 1986 to allow taxpayers to designate income tax overpayments as contributions to the United States Library Trust Fund.",6,0,"working"
"114-HR-770",114,"To reauthorize the Impact Aid Program under the Elementary and Secondary Education Act of 1965.",6,0,"working"
"114-HR-775",114,"To amend title XVIII of the Social Security Act to repeal the Medicare outpatient rehabilitation therapy caps, and for other purposes.",3,1,"working"
"114-HR-778",114,"To amend title XIX of the Social Security Act to redistribute Federal funds that would otherwise be made available to States that do not provide for the Medicaid expansion in accordance with the Affordable Care Act to those States electing to provide those Medicaid benefits, and for other purposes.",3,1,"working"
"114-HR-806",114,"To provide for a land exchange involving a parcel of real property under the jurisdiction of the Secretary of the Army on the site of the former Mare Island Naval Shipyard, Vallejo, California.",16,0,"working"
"114-HR-829",114,"To promote youth athletic safety and for other purposes.",3,1,"working"
"114-HR-837",114,"To implement a demonstration project under titles XVIII and XIX of the Social Security Act to examine the costs and benefits of providing payments for comprehensive coordinated health care services provided by purpose-built, continuing care retirement communities to Medicare beneficiaries.",3,1,"working"
"114-HR-876",114,"To amend title XVIII of the Social Security Act to require hospitals to provide certain notifications to individuals classified by such hospitals under observation status rather than admitted as inpatients of such hospitals.",3,1,"working"
"114-HR-971",114,"To amend the Federal Food, Drug, and Cosmetic Act to authorize a 6-month extension of certain exclusivity periods in the case of approved drugs that are subsequently approved for a new indication to prevent, diagnose, or treat a rare disease or condition, and for other purposes.",3,1,"working"
"114-S-1015",114,"A bill to reauthorize trade facilitation and trade enforcement functions and activities, and for other purposes.",18,0,"working"
"114-S-1051",114,"A bill to include county and municipal correctional facilities among medical facilities that qualify for designation as health professional shortage areas for purposes of the National Health Service Corps.",3,1,"working"
"114-S-1329",114,"A bill to remove the use restrictions on certain land transferred to Rockingham County, Virginia, and for other purposes.",21,0,"working"
"114-S-1388",114,"A bill to require the President to submit a plan for resolving all outstanding claims relating to property confiscated by the Government of Cuba before taking action to ease restrictions on travel to or trade with Cuba, and for other purposes.",19,0,"working"
"114-S-1426",114,"A bill to amend the Public Health Service Act to provide for the participation of physical therapists in the National Health Service Corps Loan Repayment Program, and for other purposes.",3,1,"working"
"114-S-1475",114,"A bill to provide for the creation of a safe harbor for defendants in medical malpractice actions who demonstrate adherence to clinical practice guidelines.",3,1,"working"
"114-S-1531",114,"A bill to reform the provision of health insurance coverage by promoting health savings accounts, State-based alternatives to coverage under the Affordable Care Act, and price transparency, in order to promote a more market-based health care system, and for other purposes.",3,1,"working"
"114-S-1552",114,"A bill to authorize the Dry-Redwater Regional Water Authority System and the Musselshell-Judith Rural Water System in the State of Montana, and for other purposes.",12,0,"working"
"114-S-1597",114,"A bill to enhance patient engagement in the medical product development process, and for other purposes.",3,1,"working"
"114-S-1606",114,"A bill to support the development, implementation, and evaluation of innovative strategies and methods to increase out-of-school access to digital learning resources for eligible students in order to increase student and educator engagement and disseminate evidence-based strategies to relevant stakeholders and the public.",6,0,"working"
"114-S-1641",114,"A bill to improve the use by the Department of Veterans Affairs of opioids in treating veterans, to improve patient advocacy by the Department, and to expand availability of complementary and integrative health, and for other purposes.",3,1,"working"
"114-S-1809",114,"A bill to amend the Internal Revenue Code of 1986 to simplify the treatment of seasonal positions for purposes of the employer shared responsibility requirement.",3,1,"working"
"114-S-1928",114,"A bill to support the education of Indian children.",21,0,"working"
"114-S-1975",114,"A bill to establish the Sewall-Belmont House National Historic Site as a unit of the National Park System, and for other purposes.",21,0,"working"
"114-S-2075",114,"A bill to amend the Internal Revenue Code of 1986 to repeal the excise tax on high cost employer-sponsored health coverage and to express the sense of the Senate that the resulting revenue loss should be offset.",3,1,"working"
"114-S-2114",114,"A bill to correct inconsistencies in the definitions relating to Native Americans in the Patient Protection and Affordable Care Act.",21,0,"working"
"114-S-2130",114,"A bill making appropriations for Department of Defense, energy and water development, Department of Homeland Security, military construction, Department of Veterans Affairs, and Department of State, foreign operations, and related programs for the fiscal year ending September 30, 2016, and for other purposes.",20,0,"working"
"114-S-2131",114,"A bill making appropriations for Departments of Commerce and Justice, and Science, and Related Agencies and Department of Homeland Security for the fiscal year ending September 30, 2016, and for other purposes.",20,0,"working"
"114-S-2149",114,"A bill to amend the Higher Education Opportunity Act to add disclosure requirements to the institution financial aid offer form and to amend the Higher Education Act of 1965 to make such form mandatory.",6,0,"working"
"114-S-2259",114,"A bill to amend title XVIII of the Social Security Act to improve the way beneficiaries are assigned under the Medicare shared savings program by also basing such assignment on primary care services furnished by nurse practitioners, physician assistants, and clinical nurse specialists.",3,1,"working"
"114-S-2293",114,"A bill to enhance Social Security benefits for children, divorced spouses, and widows and widowers, and for other purposes.",13,0,"working"
"114-S-2383",114,"A bill to withdraw certain Bureau of Land Management land in the State of Utah from all forms of public appropriation, to provide for the shared management of the withdrawn land by the Secretary of the Interior and the Secretary of the Air Force to facilitate enhanced weapons testing and pilot training, enhance public safety, and provide for continued public access to the withdrawn land, to provide for the exchange of certain Federal land and State land, and for other purposes.",21,0,"working"
"114-S-2456",114,"A bill to simplify and improve the Federal student loan program through income-contingent repayment to provide stronger protections for borrowers, encourage responsible borrowing, and save money for taxpayers.",6,0,"working"
"114-S-2605",114,"A bill to amend title XIX of the Social Security Act to provide States with an option to provide medical assistance to individuals between the ages of 22 and 64 for inpatient services to treat substance use disorders at certain facilities, and for other purposes.",3,1,"working"
"114-S-2634",114,"A bill to establish an interagency One Health Program, and for other purposes.",3,1,"working"
"114-S-2660",114,"A bill to amend title 38, United States Code, to require the Secretary of Veterans Affairs to provide for an evaluation and report on the costs of health care furnished by the Department of Veterans Affairs, and for other purposes.",3,1,"working"
"114-S-291",114,"A bill to amend the Immigration and Nationality Act to provide for extensions of detention of certain aliens ordered removed, and for other purposes.",9,0,"working"
"114-S-479",114,"A bill to amend the National Trails System Act to direct the Secretary of the Interior to conduct a study on the feasibility of designating the Chief Standing Bear National Historic Trail, and for other purposes.",21,0,"working"
"114-S-563",114,"A bill to amend title 38, United States Code, to establish the Physician Ambassadors Helping Veterans program to seek to employ physicians at the Department of Veterans Affairs on a without compensation basis in practice areas and specialties with staffing shortages and long appointment waiting times.",3,1,"working"
"114-S-603",114,"A bill to amend title 38, United States Code, to make permanent the authority of the Secretary of Veterans Affairs to transport individuals to and from facilities of the Department of Veterans Affairs in connection with rehabilitation, counseling, examination, treatment, and care, and for other purposes.",3,1,"working"
"114-S-675",114,"A bill to provide for the sealing or expungement of records relating to Federal nonviolent criminal offenses, and for other purposes.",12,0,"working"
"114-S-787",114,"A bill to streamline the collection and distribution of government information.",20,0,"working"
"114-S-799",114,"A bill to address problems related to prenatal opioid use.",3,1,"working"
"114-S-800",114,"A bill to improve, coordinate, and enhance rehabilitation research at the National Institutes of Health.",3,1,"working"
"114-S-809",114,"A bill to amend the Internal Revenue Code of 1986 to allow a credit against tax for qualified elementary and secondary education tuition.",6,0,"working"
"114-S-854",114,"A bill to establish a new organization to manage nuclear waste, provide a consensual process for siting nuclear waste facilities, ensure adequate funding for managing nuclear waste, and for other purposes.",8,0,"working"
"114-S-914",114,"An original bill to amend title 31, United States Code, to clarify the use of credentials by enrolled agents.",20,0,"working"
"114-S-984",114,"A bill to amend title XVIII of the Social Security Act to provide Medicare beneficiary access to eye tracking accessories for speech generating devices and to remove the rental cap for durable medical equipment under the Medicare Program with respect to speech generating devices.",3,1,"working"
